"fileName","state","postal","model","value","sector","modelUnitValue","impactYear","variant","impactType"
"./inst/extdata/fredi/gcm/AsphaltRoads_scaledimpacts.csv","Alabama","AL","CCSM4",745.95660102677,"AsphaltRoads",1,"NA","NA","NA"
"./inst/extdata/fredi/gcm/AsphaltRoads_scaledimpacts.csv","Alabama","AL","CCSM4",1316.39400181195,"AsphaltRoads",2,"NA","NA","NA"
"./inst/extdata/fredi/gcm/AsphaltRoads_scaledimpacts.csv","Alabama","AL","CCSM4",1322.65287046678,"AsphaltRoads",3,"NA","NA","NA"
"./inst/extdata/fredi/gcm/AsphaltRoads_scaledimpacts.csv","Alabama","AL","CCSM4",1333.60589061273,"AsphaltRoads",4,"NA","NA","NA"
"./inst/extdata/fredi/gcm/AsphaltRoads_scaledimpacts.csv","Alabama","AL","MIROC5",676.974799133228,"AsphaltRoads",1,"NA","NA","NA"
"./inst/extdata/fredi/gcm/AsphaltRoads_scaledimpacts.csv","Alabama","AL","MIROC5",1278.74099906223,"AsphaltRoads",2,"NA","NA","NA"
"./inst/extdata/fredi/gcm/AsphaltRoads_scaledimpacts.csv","Alabama","AL","MIROC5",1305.41187600995,"AsphaltRoads",3,"NA","NA","NA"
"./inst/extdata/fredi/gcm/AsphaltRoads_scaledimpacts.csv","Alabama","AL","MIROC5",1433.96380584375,"AsphaltRoads",4,"NA","NA","NA"
"./inst/extdata/fredi/gcm/AsphaltRoads_scaledimpacts.csv","Alabama","AL","MIROC5",1598.56153148828,"AsphaltRoads",5,"NA","NA","NA"
"./inst/extdata/fredi/gcm/AsphaltRoads_scaledimpacts.csv","Alabama","AL","CanESM2",658.197000905974,"AsphaltRoads",1,"NA","NA","NA"
"./inst/extdata/fredi/gcm/AsphaltRoads_scaledimpacts.csv","Alabama","AL","CanESM2",1316.39400181195,"AsphaltRoads",2,"NA","NA","NA"
"./inst/extdata/fredi/gcm/AsphaltRoads_scaledimpacts.csv","Alabama","AL","CanESM2",1316.39400181195,"AsphaltRoads",3,"NA","NA","NA"
"./inst/extdata/fredi/gcm/AsphaltRoads_scaledimpacts.csv","Alabama","AL","CanESM2",1622.4157326319,"AsphaltRoads",4,"NA","NA","NA"
"./inst/extdata/fredi/gcm/AsphaltRoads_scaledimpacts.csv","Alabama","AL","CanESM2",1989.64180961584,"AsphaltRoads",5,"NA","NA","NA"
"./inst/extdata/fredi/gcm/AsphaltRoads_scaledimpacts.csv","Alabama","AL","CanESM2",2418.07223276378,"AsphaltRoads",6,"NA","NA","NA"
"./inst/extdata/fredi/gcm/AsphaltRoads_scaledimpacts.csv","Arkansas","AR","CCSM4",107.26100252883,"AsphaltRoads",1,"NA","NA","NA"
"./inst/extdata/fredi/gcm/AsphaltRoads_scaledimpacts.csv","Arkansas","AR","CCSM4",364.686998084534,"AsphaltRoads",2,"NA","NA","NA"
"./inst/extdata/fredi/gcm/AsphaltRoads_scaledimpacts.csv","Arkansas","AR","CCSM4",848.752288376321,"AsphaltRoads",3,"NA","NA","NA"
"./inst/extdata/fredi/gcm/AsphaltRoads_scaledimpacts.csv","Arkansas","AR","CCSM4",1427.28089255048,"AsphaltRoads",4,"NA","NA","NA"
"./inst/extdata/fredi/gcm/AsphaltRoads_scaledimpacts.csv","Arkansas","AR","MIROC5",100.95153179184,"AsphaltRoads",1,"NA","NA","NA"
"./inst/extdata/fredi/gcm/AsphaltRoads_scaledimpacts.csv","Arkansas","AR","MIROC5",246.981160062581,"AsphaltRoads",2,"NA","NA","NA"
"./inst/extdata/fredi/gcm/AsphaltRoads_scaledimpacts.csv","Arkansas","AR","MIROC5",410.45610092908,"AsphaltRoads",3,"NA","NA","NA"
"./inst/extdata/fredi/gcm/AsphaltRoads_scaledimpacts.csv","Arkansas","AR","MIROC5",937.739674952578,"AsphaltRoads",4,"NA","NA","NA"
"./inst/extdata/fredi/gcm/AsphaltRoads_scaledimpacts.csv","Arkansas","AR","MIROC5",1581.69818326244,"AsphaltRoads",5,"NA","NA","NA"
"./inst/extdata/fredi/gcm/AsphaltRoads_scaledimpacts.csv","Arkansas","AR","CanESM2",106.989485758644,"AsphaltRoads",1,"NA","NA","NA"
"./inst/extdata/fredi/gcm/AsphaltRoads_scaledimpacts.csv","Arkansas","AR","CanESM2",277.890508184925,"AsphaltRoads",2,"NA","NA","NA"
"./inst/extdata/fredi/gcm/AsphaltRoads_scaledimpacts.csv","Arkansas","AR","CanESM2",397.724639436744,"AsphaltRoads",3,"NA","NA","NA"
"./inst/extdata/fredi/gcm/AsphaltRoads_scaledimpacts.csv","Arkansas","AR","CanESM2",918.531363397384,"AsphaltRoads",4,"NA","NA","NA"
"./inst/extdata/fredi/gcm/AsphaltRoads_scaledimpacts.csv","Arkansas","AR","CanESM2",1476.39231864913,"AsphaltRoads",5,"NA","NA","NA"
"./inst/extdata/fredi/gcm/AsphaltRoads_scaledimpacts.csv","Arkansas","AR","CanESM2",2127.23009977617,"AsphaltRoads",6,"NA","NA","NA"
"./inst/extdata/fredi/gcm/AsphaltRoads_scaledimpacts.csv","Arizona","AZ","CCSM4",121.300929340798,"AsphaltRoads",1,"NA","NA","NA"
"./inst/extdata/fredi/gcm/AsphaltRoads_scaledimpacts.csv","Arizona","AZ","CCSM4",471.008012824276,"AsphaltRoads",2,"NA","NA","NA"
"./inst/extdata/fredi/gcm/AsphaltRoads_scaledimpacts.csv","Arizona","AZ","CCSM4",853.213026616073,"AsphaltRoads",3,"NA","NA","NA"
"./inst/extdata/fredi/gcm/AsphaltRoads_scaledimpacts.csv","Arizona","AZ","CCSM4",1128.62086591413,"AsphaltRoads",4,"NA","NA","NA"
"./inst/extdata/fredi/gcm/AsphaltRoads_scaledimpacts.csv","Arizona","AZ","MIROC5",209.641647419879,"AsphaltRoads",1,"NA","NA","NA"
"./inst/extdata/fredi/gcm/AsphaltRoads_scaledimpacts.csv","Arizona","AZ","MIROC5",444.400607710167,"AsphaltRoads",2,"NA","NA","NA"
"./inst/extdata/fredi/gcm/AsphaltRoads_scaledimpacts.csv","Arizona","AZ","MIROC5",589.814410970867,"AsphaltRoads",3,"NA","NA","NA"
"./inst/extdata/fredi/gcm/AsphaltRoads_scaledimpacts.csv","Arizona","AZ","MIROC5",864.366328108457,"AsphaltRoads",4,"NA","NA","NA"
"./inst/extdata/fredi/gcm/AsphaltRoads_scaledimpacts.csv","Arizona","AZ","MIROC5",1164.91223139785,"AsphaltRoads",5,"NA","NA","NA"
"./inst/extdata/fredi/gcm/AsphaltRoads_scaledimpacts.csv","Arizona","AZ","CanESM2",103.670652126246,"AsphaltRoads",1,"NA","NA","NA"
"./inst/extdata/fredi/gcm/AsphaltRoads_scaledimpacts.csv","Arizona","AZ","CanESM2",479.650278284554,"AsphaltRoads",2,"NA","NA","NA"
"./inst/extdata/fredi/gcm/AsphaltRoads_scaledimpacts.csv","Arizona","AZ","CanESM2",990.229604594671,"AsphaltRoads",3,"NA","NA","NA"
"./inst/extdata/fredi/gcm/AsphaltRoads_scaledimpacts.csv","Arizona","AZ","CanESM2",1425.60343610025,"AsphaltRoads",4,"NA","NA","NA"
"./inst/extdata/fredi/gcm/AsphaltRoads_scaledimpacts.csv","Arizona","AZ","CanESM2",1662.12761117328,"AsphaltRoads",5,"NA","NA","NA"
"./inst/extdata/fredi/gcm/AsphaltRoads_scaledimpacts.csv","Arizona","AZ","CanESM2",1938.07248209181,"AsphaltRoads",6,"NA","NA","NA"
"./inst/extdata/fredi/gcm/AsphaltRoads_scaledimpacts.csv","California","CA","CCSM4",257.507048705575,"AsphaltRoads",1,"NA","NA","NA"
"./inst/extdata/fredi/gcm/AsphaltRoads_scaledimpacts.csv","California","CA","CCSM4",755.880044804068,"AsphaltRoads",2,"NA","NA","NA"
"./inst/extdata/fredi/gcm/AsphaltRoads_scaledimpacts.csv","California","CA","CCSM4",1114.88068120343,"AsphaltRoads",3,"NA","NA","NA"
"./inst/extdata/fredi/gcm/AsphaltRoads_scaledimpacts.csv","California","CA","CCSM4",1281.52753805564,"AsphaltRoads",4,"NA","NA","NA"
"./inst/extdata/fredi/gcm/AsphaltRoads_scaledimpacts.csv","California","CA","MIROC5",408.234871729086,"AsphaltRoads",1,"NA","NA","NA"
"./inst/extdata/fredi/gcm/AsphaltRoads_scaledimpacts.csv","California","CA","MIROC5",797.837578218495,"AsphaltRoads",2,"NA","NA","NA"
"./inst/extdata/fredi/gcm/AsphaltRoads_scaledimpacts.csv","California","CA","MIROC5",889.629627110128,"AsphaltRoads",3,"NA","NA","NA"
"./inst/extdata/fredi/gcm/AsphaltRoads_scaledimpacts.csv","California","CA","MIROC5",1081.47058624272,"AsphaltRoads",4,"NA","NA","NA"
"./inst/extdata/fredi/gcm/AsphaltRoads_scaledimpacts.csv","California","CA","MIROC5",1297.13251260847,"AsphaltRoads",5,"NA","NA","NA"
"./inst/extdata/fredi/gcm/AsphaltRoads_scaledimpacts.csv","California","CA","CanESM2",324.990835103526,"AsphaltRoads",1,"NA","NA","NA"
"./inst/extdata/fredi/gcm/AsphaltRoads_scaledimpacts.csv","California","CA","CanESM2",899.676694156982,"AsphaltRoads",2,"NA","NA","NA"
"./inst/extdata/fredi/gcm/AsphaltRoads_scaledimpacts.csv","California","CA","CanESM2",1367.8548640631,"AsphaltRoads",3,"NA","NA","NA"
"./inst/extdata/fredi/gcm/AsphaltRoads_scaledimpacts.csv","California","CA","CanESM2",1668.25105279309,"AsphaltRoads",4,"NA","NA","NA"
"./inst/extdata/fredi/gcm/AsphaltRoads_scaledimpacts.csv","California","CA","CanESM2",1766.54670412166,"AsphaltRoads",5,"NA","NA","NA"
"./inst/extdata/fredi/gcm/AsphaltRoads_scaledimpacts.csv","California","CA","CanESM2",1881.22496400499,"AsphaltRoads",6,"NA","NA","NA"
"./inst/extdata/fredi/gcm/AsphaltRoads_scaledimpacts.csv","Colorado","CO","CCSM4",668.292485575776,"AsphaltRoads",1,"NA","NA","NA"
"./inst/extdata/fredi/gcm/AsphaltRoads_scaledimpacts.csv","Colorado","CO","CCSM4",1316.85404634095,"AsphaltRoads",2,"NA","NA","NA"
"./inst/extdata/fredi/gcm/AsphaltRoads_scaledimpacts.csv","Colorado","CO","CCSM4",1525.91003548126,"AsphaltRoads",3,"NA","NA","NA"
"./inst/extdata/fredi/gcm/AsphaltRoads_scaledimpacts.csv","Colorado","CO","CCSM4",1681.18914367236,"AsphaltRoads",4,"NA","NA","NA"
"./inst/extdata/fredi/gcm/AsphaltRoads_scaledimpacts.csv","Colorado","CO","MIROC5",635.193999463213,"AsphaltRoads",1,"NA","NA","NA"
"./inst/extdata/fredi/gcm/AsphaltRoads_scaledimpacts.csv","Colorado","CO","MIROC5",1237.53358023602,"AsphaltRoads",2,"NA","NA","NA"
"./inst/extdata/fredi/gcm/AsphaltRoads_scaledimpacts.csv","Colorado","CO","MIROC5",1369.41060208978,"AsphaltRoads",3,"NA","NA","NA"
"./inst/extdata/fredi/gcm/AsphaltRoads_scaledimpacts.csv","Colorado","CO","MIROC5",1602.33938504682,"AsphaltRoads",4,"NA","NA","NA"
"./inst/extdata/fredi/gcm/AsphaltRoads_scaledimpacts.csv","Colorado","CO","MIROC5",1852.41645682392,"AsphaltRoads",5,"NA","NA","NA"
"./inst/extdata/fredi/gcm/AsphaltRoads_scaledimpacts.csv","Colorado","CO","CanESM2",536.361210970987,"AsphaltRoads",1,"NA","NA","NA"
"./inst/extdata/fredi/gcm/AsphaltRoads_scaledimpacts.csv","Colorado","CO","CanESM2",1186.06673512897,"AsphaltRoads",2,"NA","NA","NA"
"./inst/extdata/fredi/gcm/AsphaltRoads_scaledimpacts.csv","Colorado","CO","CanESM2",1398.58732235458,"AsphaltRoads",3,"NA","NA","NA"
"./inst/extdata/fredi/gcm/AsphaltRoads_scaledimpacts.csv","Colorado","CO","CanESM2",1644.43975142638,"AsphaltRoads",4,"NA","NA","NA"
"./inst/extdata/fredi/gcm/AsphaltRoads_scaledimpacts.csv","Colorado","CO","CanESM2",1820.4511374662,"AsphaltRoads",5,"NA","NA","NA"
"./inst/extdata/fredi/gcm/AsphaltRoads_scaledimpacts.csv","Colorado","CO","CanESM2",2025.79775451265,"AsphaltRoads",6,"NA","NA","NA"
"./inst/extdata/fredi/gcm/AsphaltRoads_scaledimpacts.csv","Connecticut","CT","CCSM4",85.3561452590689,"AsphaltRoads",1,"NA","NA","NA"
"./inst/extdata/fredi/gcm/AsphaltRoads_scaledimpacts.csv","Connecticut","CT","CCSM4",218.69035889971,"AsphaltRoads",2,"NA","NA","NA"
"./inst/extdata/fredi/gcm/AsphaltRoads_scaledimpacts.csv","Connecticut","CT","CCSM4",630.221400466849,"AsphaltRoads",3,"NA","NA","NA"
"./inst/extdata/fredi/gcm/AsphaltRoads_scaledimpacts.csv","Connecticut","CT","CCSM4",1246.18098895819,"AsphaltRoads",4,"NA","NA","NA"
"./inst/extdata/fredi/gcm/AsphaltRoads_scaledimpacts.csv","Connecticut","CT","MIROC5",80.3351955379472,"AsphaltRoads",1,"NA","NA","NA"
"./inst/extdata/fredi/gcm/AsphaltRoads_scaledimpacts.csv","Connecticut","CT","MIROC5",150.628491633651,"AsphaltRoads",2,"NA","NA","NA"
"./inst/extdata/fredi/gcm/AsphaltRoads_scaledimpacts.csv","Connecticut","CT","MIROC5",150.628491633651,"AsphaltRoads",3,"NA","NA","NA"
"./inst/extdata/fredi/gcm/AsphaltRoads_scaledimpacts.csv","Connecticut","CT","MIROC5",311.8986327785,"AsphaltRoads",4,"NA","NA","NA"
"./inst/extdata/fredi/gcm/AsphaltRoads_scaledimpacts.csv","Connecticut","CT","MIROC5",537.67683038129,"AsphaltRoads",5,"NA","NA","NA"
"./inst/extdata/fredi/gcm/AsphaltRoads_scaledimpacts.csv","Connecticut","CT","CanESM2",75.3142458168255,"AsphaltRoads",1,"NA","NA","NA"
"./inst/extdata/fredi/gcm/AsphaltRoads_scaledimpacts.csv","Connecticut","CT","CanESM2",184.65942526668,"AsphaltRoads",2,"NA","NA","NA"
"./inst/extdata/fredi/gcm/AsphaltRoads_scaledimpacts.csv","Connecticut","CT","CanESM2",248.46742582861,"AsphaltRoads",3,"NA","NA","NA"
"./inst/extdata/fredi/gcm/AsphaltRoads_scaledimpacts.csv","Connecticut","CT","CanESM2",806.846053547543,"AsphaltRoads",4,"NA","NA","NA"
"./inst/extdata/fredi/gcm/AsphaltRoads_scaledimpacts.csv","Connecticut","CT","CanESM2",1441.16792649558,"AsphaltRoads",5,"NA","NA","NA"
"./inst/extdata/fredi/gcm/AsphaltRoads_scaledimpacts.csv","Connecticut","CT","CanESM2",2181.21011160163,"AsphaltRoads",6,"NA","NA","NA"
"./inst/extdata/fredi/gcm/AsphaltRoads_scaledimpacts.csv","Delaware","DE","CCSM4",0,"AsphaltRoads",1,"NA","NA","NA"
"./inst/extdata/fredi/gcm/AsphaltRoads_scaledimpacts.csv","Delaware","DE","CCSM4",968.131158991532,"AsphaltRoads",2,"NA","NA","NA"
"./inst/extdata/fredi/gcm/AsphaltRoads_scaledimpacts.csv","Delaware","DE","CCSM4",1815.24592310912,"AsphaltRoads",3,"NA","NA","NA"
"./inst/extdata/fredi/gcm/AsphaltRoads_scaledimpacts.csv","Delaware","DE","CCSM4",1815.24592310912,"AsphaltRoads",4,"NA","NA","NA"
"./inst/extdata/fredi/gcm/AsphaltRoads_scaledimpacts.csv","Delaware","DE","MIROC5",0,"AsphaltRoads",1,"NA","NA","NA"
"./inst/extdata/fredi/gcm/AsphaltRoads_scaledimpacts.csv","Delaware","DE","MIROC5",363.049184621825,"AsphaltRoads",2,"NA","NA","NA"
"./inst/extdata/fredi/gcm/AsphaltRoads_scaledimpacts.csv","Delaware","DE","MIROC5",1391.68854105033,"AsphaltRoads",3,"NA","NA","NA"
"./inst/extdata/fredi/gcm/AsphaltRoads_scaledimpacts.csv","Delaware","DE","MIROC5",1815.24592310912,"AsphaltRoads",4,"NA","NA","NA"
"./inst/extdata/fredi/gcm/AsphaltRoads_scaledimpacts.csv","Delaware","DE","MIROC5",1815.24592310912,"AsphaltRoads",5,"NA","NA","NA"
"./inst/extdata/fredi/gcm/AsphaltRoads_scaledimpacts.csv","Delaware","DE","CanESM2",809.851741673069,"AsphaltRoads",1,"NA","NA","NA"
"./inst/extdata/fredi/gcm/AsphaltRoads_scaledimpacts.csv","Delaware","DE","CanESM2",1671.8481339496,"AsphaltRoads",2,"NA","NA","NA"
"./inst/extdata/fredi/gcm/AsphaltRoads_scaledimpacts.csv","Delaware","DE","CanESM2",1769.61935383109,"AsphaltRoads",3,"NA","NA","NA"
"./inst/extdata/fredi/gcm/AsphaltRoads_scaledimpacts.csv","Delaware","DE","CanESM2",1815.24592310912,"AsphaltRoads",4,"NA","NA","NA"
"./inst/extdata/fredi/gcm/AsphaltRoads_scaledimpacts.csv","Delaware","DE","CanESM2",1815.24592310912,"AsphaltRoads",5,"NA","NA","NA"
"./inst/extdata/fredi/gcm/AsphaltRoads_scaledimpacts.csv","Delaware","DE","CanESM2",1815.24592310912,"AsphaltRoads",6,"NA","NA","NA"
"./inst/extdata/fredi/gcm/AsphaltRoads_scaledimpacts.csv","Florida","FL","CCSM4",854.147393647166,"AsphaltRoads",1,"NA","NA","NA"
"./inst/extdata/fredi/gcm/AsphaltRoads_scaledimpacts.csv","Florida","FL","CCSM4",1647.7919475317,"AsphaltRoads",2,"NA","NA","NA"
"./inst/extdata/fredi/gcm/AsphaltRoads_scaledimpacts.csv","Florida","FL","CCSM4",1770.70583790206,"AsphaltRoads",3,"NA","NA","NA"
"./inst/extdata/fredi/gcm/AsphaltRoads_scaledimpacts.csv","Florida","FL","CCSM4",1770.70583790206,"AsphaltRoads",4,"NA","NA","NA"
"./inst/extdata/fredi/gcm/AsphaltRoads_scaledimpacts.csv","Florida","FL","MIROC5",734.309562045715,"AsphaltRoads",1,"NA","NA","NA"
"./inst/extdata/fredi/gcm/AsphaltRoads_scaledimpacts.csv","Florida","FL","MIROC5",1455.60551064898,"AsphaltRoads",2,"NA","NA","NA"
"./inst/extdata/fredi/gcm/AsphaltRoads_scaledimpacts.csv","Florida","FL","MIROC5",1678.80157578658,"AsphaltRoads",3,"NA","NA","NA"
"./inst/extdata/fredi/gcm/AsphaltRoads_scaledimpacts.csv","Florida","FL","MIROC5",1770.70583790206,"AsphaltRoads",4,"NA","NA","NA"
"./inst/extdata/fredi/gcm/AsphaltRoads_scaledimpacts.csv","Florida","FL","MIROC5",1770.70583790206,"AsphaltRoads",5,"NA","NA","NA"
"./inst/extdata/fredi/gcm/AsphaltRoads_scaledimpacts.csv","Florida","FL","CanESM2",885.352918951029,"AsphaltRoads",1,"NA","NA","NA"
"./inst/extdata/fredi/gcm/AsphaltRoads_scaledimpacts.csv","Florida","FL","CanESM2",1770.70583790206,"AsphaltRoads",2,"NA","NA","NA"
"./inst/extdata/fredi/gcm/AsphaltRoads_scaledimpacts.csv","Florida","FL","CanESM2",1770.70583790206,"AsphaltRoads",3,"NA","NA","NA"
"./inst/extdata/fredi/gcm/AsphaltRoads_scaledimpacts.csv","Florida","FL","CanESM2",1902.5588921616,"AsphaltRoads",4,"NA","NA","NA"
"./inst/extdata/fredi/gcm/AsphaltRoads_scaledimpacts.csv","Florida","FL","CanESM2",2060.78255727305,"AsphaltRoads",5,"NA","NA","NA"
"./inst/extdata/fredi/gcm/AsphaltRoads_scaledimpacts.csv","Florida","FL","CanESM2",2245.3768332364,"AsphaltRoads",6,"NA","NA","NA"
"./inst/extdata/fredi/gcm/AsphaltRoads_scaledimpacts.csv","Georgia","GA","CCSM4",369.14770260222,"AsphaltRoads",1,"NA","NA","NA"
"./inst/extdata/fredi/gcm/AsphaltRoads_scaledimpacts.csv","Georgia","GA","CCSM4",664.532840598112,"AsphaltRoads",2,"NA","NA","NA"
"./inst/extdata/fredi/gcm/AsphaltRoads_scaledimpacts.csv","Georgia","GA","CCSM4",687.098832234878,"AsphaltRoads",3,"NA","NA","NA"
"./inst/extdata/fredi/gcm/AsphaltRoads_scaledimpacts.csv","Georgia","GA","CCSM4",706.536498862153,"AsphaltRoads",4,"NA","NA","NA"
"./inst/extdata/fredi/gcm/AsphaltRoads_scaledimpacts.csv","Georgia","GA","MIROC5",271.039239095744,"AsphaltRoads",1,"NA","NA","NA"
"./inst/extdata/fredi/gcm/AsphaltRoads_scaledimpacts.csv","Georgia","GA","MIROC5",541.757177476045,"AsphaltRoads",2,"NA","NA","NA"
"./inst/extdata/fredi/gcm/AsphaltRoads_scaledimpacts.csv","Georgia","GA","MIROC5",636.839889295369,"AsphaltRoads",3,"NA","NA","NA"
"./inst/extdata/fredi/gcm/AsphaltRoads_scaledimpacts.csv","Georgia","GA","MIROC5",701.031273777955,"AsphaltRoads",4,"NA","NA","NA"
"./inst/extdata/fredi/gcm/AsphaltRoads_scaledimpacts.csv","Georgia","GA","MIROC5",736.086825240081,"AsphaltRoads",5,"NA","NA","NA"
"./inst/extdata/fredi/gcm/AsphaltRoads_scaledimpacts.csv","Georgia","GA","CanESM2",325.718561119606,"AsphaltRoads",1,"NA","NA","NA"
"./inst/extdata/fredi/gcm/AsphaltRoads_scaledimpacts.csv","Georgia","GA","CanESM2",657.984981418662,"AsphaltRoads",2,"NA","NA","NA"
"./inst/extdata/fredi/gcm/AsphaltRoads_scaledimpacts.csv","Georgia","GA","CanESM2",670.262217380131,"AsphaltRoads",3,"NA","NA","NA"
"./inst/extdata/fredi/gcm/AsphaltRoads_scaledimpacts.csv","Georgia","GA","CanESM2",1047.71658273578,"AsphaltRoads",4,"NA","NA","NA"
"./inst/extdata/fredi/gcm/AsphaltRoads_scaledimpacts.csv","Georgia","GA","CanESM2",1493.78656902413,"AsphaltRoads",5,"NA","NA","NA"
"./inst/extdata/fredi/gcm/AsphaltRoads_scaledimpacts.csv","Georgia","GA","CanESM2",2014.2015530272,"AsphaltRoads",6,"NA","NA","NA"
"./inst/extdata/fredi/gcm/AsphaltRoads_scaledimpacts.csv","Iowa","IA","CCSM4",396.338671002887,"AsphaltRoads",1,"NA","NA","NA"
"./inst/extdata/fredi/gcm/AsphaltRoads_scaledimpacts.csv","Iowa","IA","CCSM4",1236.80701760846,"AsphaltRoads",2,"NA","NA","NA"
"./inst/extdata/fredi/gcm/AsphaltRoads_scaledimpacts.csv","Iowa","IA","CCSM4",1730.41354636507,"AsphaltRoads",3,"NA","NA","NA"
"./inst/extdata/fredi/gcm/AsphaltRoads_scaledimpacts.csv","Iowa","IA","CCSM4",1771.35291416413,"AsphaltRoads",4,"NA","NA","NA"
"./inst/extdata/fredi/gcm/AsphaltRoads_scaledimpacts.csv","Iowa","IA","MIROC5",362.313718798832,"AsphaltRoads",1,"NA","NA","NA"
"./inst/extdata/fredi/gcm/AsphaltRoads_scaledimpacts.csv","Iowa","IA","MIROC5",831.624637911194,"AsphaltRoads",2,"NA","NA","NA"
"./inst/extdata/fredi/gcm/AsphaltRoads_scaledimpacts.csv","Iowa","IA","MIROC5",1263.10281420745,"AsphaltRoads",3,"NA","NA","NA"
"./inst/extdata/fredi/gcm/AsphaltRoads_scaledimpacts.csv","Iowa","IA","MIROC5",1562.87538945176,"AsphaltRoads",4,"NA","NA","NA"
"./inst/extdata/fredi/gcm/AsphaltRoads_scaledimpacts.csv","Iowa","IA","MIROC5",1733.82251669359,"AsphaltRoads",5,"NA","NA","NA"
"./inst/extdata/fredi/gcm/AsphaltRoads_scaledimpacts.csv","Iowa","IA","CanESM2",215.982341146259,"AsphaltRoads",1,"NA","NA","NA"
"./inst/extdata/fredi/gcm/AsphaltRoads_scaledimpacts.csv","Iowa","IA","CanESM2",671.106582229236,"AsphaltRoads",2,"NA","NA","NA"
"./inst/extdata/fredi/gcm/AsphaltRoads_scaledimpacts.csv","Iowa","IA","CanESM2",1119.49764461058,"AsphaltRoads",3,"NA","NA","NA"
"./inst/extdata/fredi/gcm/AsphaltRoads_scaledimpacts.csv","Iowa","IA","CanESM2",1477.47731965943,"AsphaltRoads",4,"NA","NA","NA"
"./inst/extdata/fredi/gcm/AsphaltRoads_scaledimpacts.csv","Iowa","IA","CanESM2",1655.95393478449,"AsphaltRoads",5,"NA","NA","NA"
"./inst/extdata/fredi/gcm/AsphaltRoads_scaledimpacts.csv","Iowa","IA","CanESM2",1864.17665243039,"AsphaltRoads",6,"NA","NA","NA"
"./inst/extdata/fredi/gcm/AsphaltRoads_scaledimpacts.csv","Idaho","ID","CCSM4",497.762658810604,"AsphaltRoads",1,"NA","NA","NA"
"./inst/extdata/fredi/gcm/AsphaltRoads_scaledimpacts.csv","Idaho","ID","CCSM4",1192.89379846737,"AsphaltRoads",2,"NA","NA","NA"
"./inst/extdata/fredi/gcm/AsphaltRoads_scaledimpacts.csv","Idaho","ID","CCSM4",1590.44451360776,"AsphaltRoads",3,"NA","NA","NA"
"./inst/extdata/fredi/gcm/AsphaltRoads_scaledimpacts.csv","Idaho","ID","CCSM4",1804.59682085395,"AsphaltRoads",4,"NA","NA","NA"
"./inst/extdata/fredi/gcm/AsphaltRoads_scaledimpacts.csv","Idaho","ID","MIROC5",314.452944081231,"AsphaltRoads",1,"NA","NA","NA"
"./inst/extdata/fredi/gcm/AsphaltRoads_scaledimpacts.csv","Idaho","ID","MIROC5",648.887141304919,"AsphaltRoads",2,"NA","NA","NA"
"./inst/extdata/fredi/gcm/AsphaltRoads_scaledimpacts.csv","Idaho","ID","MIROC5",816.869442903983,"AsphaltRoads",3,"NA","NA","NA"
"./inst/extdata/fredi/gcm/AsphaltRoads_scaledimpacts.csv","Idaho","ID","MIROC5",1122.83842700922,"AsphaltRoads",4,"NA","NA","NA"
"./inst/extdata/fredi/gcm/AsphaltRoads_scaledimpacts.csv","Idaho","ID","MIROC5",1454.35814854062,"AsphaltRoads",5,"NA","NA","NA"
"./inst/extdata/fredi/gcm/AsphaltRoads_scaledimpacts.csv","Idaho","ID","CanESM2",298.530079470094,"AsphaltRoads",1,"NA","NA","NA"
"./inst/extdata/fredi/gcm/AsphaltRoads_scaledimpacts.csv","Idaho","ID","CanESM2",805.931231539643,"AsphaltRoads",2,"NA","NA","NA"
"./inst/extdata/fredi/gcm/AsphaltRoads_scaledimpacts.csv","Idaho","ID","CanESM2",1197.56449266362,"AsphaltRoads",3,"NA","NA","NA"
"./inst/extdata/fredi/gcm/AsphaltRoads_scaledimpacts.csv","Idaho","ID","CanESM2",1588.978987869,"AsphaltRoads",4,"NA","NA","NA"
"./inst/extdata/fredi/gcm/AsphaltRoads_scaledimpacts.csv","Idaho","ID","CanESM2",1839.36175588604,"AsphaltRoads",5,"NA","NA","NA"
"./inst/extdata/fredi/gcm/AsphaltRoads_scaledimpacts.csv","Idaho","ID","CanESM2",2131.47498523925,"AsphaltRoads",6,"NA","NA","NA"
"./inst/extdata/fredi/gcm/AsphaltRoads_scaledimpacts.csv","Illinois","IL","CCSM4",662.619577601884,"AsphaltRoads",1,"NA","NA","NA"
"./inst/extdata/fredi/gcm/AsphaltRoads_scaledimpacts.csv","Illinois","IL","CCSM4",1497.26227318654,"AsphaltRoads",2,"NA","NA","NA"
"./inst/extdata/fredi/gcm/AsphaltRoads_scaledimpacts.csv","Illinois","IL","CCSM4",1812.23323469912,"AsphaltRoads",3,"NA","NA","NA"
"./inst/extdata/fredi/gcm/AsphaltRoads_scaledimpacts.csv","Illinois","IL","CCSM4",1861.28408188727,"AsphaltRoads",4,"NA","NA","NA"
"./inst/extdata/fredi/gcm/AsphaltRoads_scaledimpacts.csv","Illinois","IL","MIROC5",484.760368702128,"AsphaltRoads",1,"NA","NA","NA"
"./inst/extdata/fredi/gcm/AsphaltRoads_scaledimpacts.csv","Illinois","IL","MIROC5",1073.06404296172,"AsphaltRoads",2,"NA","NA","NA"
"./inst/extdata/fredi/gcm/AsphaltRoads_scaledimpacts.csv","Illinois","IL","MIROC5",1538.12270595653,"AsphaltRoads",3,"NA","NA","NA"
"./inst/extdata/fredi/gcm/AsphaltRoads_scaledimpacts.csv","Illinois","IL","MIROC5",1773.5292164561,"AsphaltRoads",4,"NA","NA","NA"
"./inst/extdata/fredi/gcm/AsphaltRoads_scaledimpacts.csv","Illinois","IL","MIROC5",1835.00569013494,"AsphaltRoads",5,"NA","NA","NA"
"./inst/extdata/fredi/gcm/AsphaltRoads_scaledimpacts.csv","Illinois","IL","CanESM2",554.538447958576,"AsphaltRoads",1,"NA","NA","NA"
"./inst/extdata/fredi/gcm/AsphaltRoads_scaledimpacts.csv","Illinois","IL","CanESM2",1262.26231953075,"AsphaltRoads",2,"NA","NA","NA"
"./inst/extdata/fredi/gcm/AsphaltRoads_scaledimpacts.csv","Illinois","IL","CanESM2",1549.48498880626,"AsphaltRoads",3,"NA","NA","NA"
"./inst/extdata/fredi/gcm/AsphaltRoads_scaledimpacts.csv","Illinois","IL","CanESM2",1746.42080155469,"AsphaltRoads",4,"NA","NA","NA"
"./inst/extdata/fredi/gcm/AsphaltRoads_scaledimpacts.csv","Illinois","IL","CanESM2",1821.89908205854,"AsphaltRoads",5,"NA","NA","NA"
"./inst/extdata/fredi/gcm/AsphaltRoads_scaledimpacts.csv","Illinois","IL","CanESM2",1909.95707597968,"AsphaltRoads",6,"NA","NA","NA"
"./inst/extdata/fredi/gcm/AsphaltRoads_scaledimpacts.csv","Indiana","IN","CCSM4",380.988785742229,"AsphaltRoads",1,"NA","NA","NA"
"./inst/extdata/fredi/gcm/AsphaltRoads_scaledimpacts.csv","Indiana","IN","CCSM4",1303.21448928042,"AsphaltRoads",2,"NA","NA","NA"
"./inst/extdata/fredi/gcm/AsphaltRoads_scaledimpacts.csv","Indiana","IN","CCSM4",1855.23566000471,"AsphaltRoads",3,"NA","NA","NA"
"./inst/extdata/fredi/gcm/AsphaltRoads_scaledimpacts.csv","Indiana","IN","CCSM4",1855.23566000471,"AsphaltRoads",4,"NA","NA","NA"
"./inst/extdata/fredi/gcm/AsphaltRoads_scaledimpacts.csv","Indiana","IN","MIROC5",118.511178051428,"AsphaltRoads",1,"NA","NA","NA"
"./inst/extdata/fredi/gcm/AsphaltRoads_scaledimpacts.csv","Indiana","IN","MIROC5",528.848055669738,"AsphaltRoads",2,"NA","NA","NA"
"./inst/extdata/fredi/gcm/AsphaltRoads_scaledimpacts.csv","Indiana","IN","MIROC5",1397.66024666912,"AsphaltRoads",3,"NA","NA","NA"
"./inst/extdata/fredi/gcm/AsphaltRoads_scaledimpacts.csv","Indiana","IN","MIROC5",1788.68284864356,"AsphaltRoads",4,"NA","NA","NA"
"./inst/extdata/fredi/gcm/AsphaltRoads_scaledimpacts.csv","Indiana","IN","MIROC5",1835.26981659636,"AsphaltRoads",5,"NA","NA","NA"
"./inst/extdata/fredi/gcm/AsphaltRoads_scaledimpacts.csv","Indiana","IN","CanESM2",268.857544520089,"AsphaltRoads",1,"NA","NA","NA"
"./inst/extdata/fredi/gcm/AsphaltRoads_scaledimpacts.csv","Indiana","IN","CanESM2",873.70240223752,"AsphaltRoads",2,"NA","NA","NA"
"./inst/extdata/fredi/gcm/AsphaltRoads_scaledimpacts.csv","Indiana","IN","CanESM2",1503.67861448254,"AsphaltRoads",3,"NA","NA","NA"
"./inst/extdata/fredi/gcm/AsphaltRoads_scaledimpacts.csv","Indiana","IN","CanESM2",1818.96746461112,"AsphaltRoads",4,"NA","NA","NA"
"./inst/extdata/fredi/gcm/AsphaltRoads_scaledimpacts.csv","Indiana","IN","CanESM2",1844.52740590821,"AsphaltRoads",5,"NA","NA","NA"
"./inst/extdata/fredi/gcm/AsphaltRoads_scaledimpacts.csv","Indiana","IN","CanESM2",1874.34733742148,"AsphaltRoads",6,"NA","NA","NA"
"./inst/extdata/fredi/gcm/AsphaltRoads_scaledimpacts.csv","Kansas","KS","CCSM4",495.576728006175,"AsphaltRoads",1,"NA","NA","NA"
"./inst/extdata/fredi/gcm/AsphaltRoads_scaledimpacts.csv","Kansas","KS","CCSM4",1305.77213383234,"AsphaltRoads",2,"NA","NA","NA"
"./inst/extdata/fredi/gcm/AsphaltRoads_scaledimpacts.csv","Kansas","KS","CCSM4",1753.8279907635,"AsphaltRoads",3,"NA","NA","NA"
"./inst/extdata/fredi/gcm/AsphaltRoads_scaledimpacts.csv","Kansas","KS","CCSM4",1877.61251003778,"AsphaltRoads",4,"NA","NA","NA"
"./inst/extdata/fredi/gcm/AsphaltRoads_scaledimpacts.csv","Kansas","KS","MIROC5",355.658389936854,"AsphaltRoads",1,"NA","NA","NA"
"./inst/extdata/fredi/gcm/AsphaltRoads_scaledimpacts.csv","Kansas","KS","MIROC5",861.021583257708,"AsphaltRoads",2,"NA","NA","NA"
"./inst/extdata/fredi/gcm/AsphaltRoads_scaledimpacts.csv","Kansas","KS","MIROC5",1411.14753928168,"AsphaltRoads",3,"NA","NA","NA"
"./inst/extdata/fredi/gcm/AsphaltRoads_scaledimpacts.csv","Kansas","KS","MIROC5",1741.22883485864,"AsphaltRoads",4,"NA","NA","NA"
"./inst/extdata/fredi/gcm/AsphaltRoads_scaledimpacts.csv","Kansas","KS","MIROC5",1886.21121519375,"AsphaltRoads",5,"NA","NA","NA"
"./inst/extdata/fredi/gcm/AsphaltRoads_scaledimpacts.csv","Kansas","KS","CanESM2",265.747603424189,"AsphaltRoads",1,"NA","NA","NA"
"./inst/extdata/fredi/gcm/AsphaltRoads_scaledimpacts.csv","Kansas","KS","CanESM2",680.823202177538,"AsphaltRoads",2,"NA","NA","NA"
"./inst/extdata/fredi/gcm/AsphaltRoads_scaledimpacts.csv","Kansas","KS","CanESM2",960.813193419715,"AsphaltRoads",3,"NA","NA","NA"
"./inst/extdata/fredi/gcm/AsphaltRoads_scaledimpacts.csv","Kansas","KS","CanESM2",1365.96614586477,"AsphaltRoads",4,"NA","NA","NA"
"./inst/extdata/fredi/gcm/AsphaltRoads_scaledimpacts.csv","Kansas","KS","CanESM2",1695.35529370321,"AsphaltRoads",5,"NA","NA","NA"
"./inst/extdata/fredi/gcm/AsphaltRoads_scaledimpacts.csv","Kansas","KS","CanESM2",2079.64263284806,"AsphaltRoads",6,"NA","NA","NA"
"./inst/extdata/fredi/gcm/AsphaltRoads_scaledimpacts.csv","Kentucky","KY","CCSM4",899.585743738105,"AsphaltRoads",1,"NA","NA","NA"
"./inst/extdata/fredi/gcm/AsphaltRoads_scaledimpacts.csv","Kentucky","KY","CCSM4",1736.6447394347,"AsphaltRoads",2,"NA","NA","NA"
"./inst/extdata/fredi/gcm/AsphaltRoads_scaledimpacts.csv","Kentucky","KY","CCSM4",1871.36616906495,"AsphaltRoads",3,"NA","NA","NA"
"./inst/extdata/fredi/gcm/AsphaltRoads_scaledimpacts.csv","Kentucky","KY","CCSM4",1878.75730206847,"AsphaltRoads",4,"NA","NA","NA"
"./inst/extdata/fredi/gcm/AsphaltRoads_scaledimpacts.csv","Kentucky","KY","MIROC5",421.485793323189,"AsphaltRoads",1,"NA","NA","NA"
"./inst/extdata/fredi/gcm/AsphaltRoads_scaledimpacts.csv","Kentucky","KY","MIROC5",1000.05125606598,"AsphaltRoads",2,"NA","NA","NA"
"./inst/extdata/fredi/gcm/AsphaltRoads_scaledimpacts.csv","Kentucky","KY","MIROC5",1594.38653789016,"AsphaltRoads",3,"NA","NA","NA"
"./inst/extdata/fredi/gcm/AsphaltRoads_scaledimpacts.csv","Kentucky","KY","MIROC5",1857.55823281892,"AsphaltRoads",4,"NA","NA","NA"
"./inst/extdata/fredi/gcm/AsphaltRoads_scaledimpacts.csv","Kentucky","KY","MIROC5",1883.38179619701,"AsphaltRoads",5,"NA","NA","NA"
"./inst/extdata/fredi/gcm/AsphaltRoads_scaledimpacts.csv","Kentucky","KY","CanESM2",817.121529192213,"AsphaltRoads",1,"NA","NA","NA"
"./inst/extdata/fredi/gcm/AsphaltRoads_scaledimpacts.csv","Kentucky","KY","CanESM2",1696.34962001298,"AsphaltRoads",2,"NA","NA","NA"
"./inst/extdata/fredi/gcm/AsphaltRoads_scaledimpacts.csv","Kentucky","KY","CanESM2",1812.79942306653,"AsphaltRoads",3,"NA","NA","NA"
"./inst/extdata/fredi/gcm/AsphaltRoads_scaledimpacts.csv","Kentucky","KY","CanESM2",1888.85744930085,"AsphaltRoads",4,"NA","NA","NA"
"./inst/extdata/fredi/gcm/AsphaltRoads_scaledimpacts.csv","Kentucky","KY","CanESM2",1914.91519107206,"AsphaltRoads",5,"NA","NA","NA"
"./inst/extdata/fredi/gcm/AsphaltRoads_scaledimpacts.csv","Kentucky","KY","CanESM2",1945.31588980513,"AsphaltRoads",6,"NA","NA","NA"
"./inst/extdata/fredi/gcm/AsphaltRoads_scaledimpacts.csv","Louisiana","LA","CCSM4",468.682874758324,"AsphaltRoads",1,"NA","NA","NA"
"./inst/extdata/fredi/gcm/AsphaltRoads_scaledimpacts.csv","Louisiana","LA","CCSM4",846.412116485311,"AsphaltRoads",2,"NA","NA","NA"
"./inst/extdata/fredi/gcm/AsphaltRoads_scaledimpacts.csv","Louisiana","LA","CCSM4",972.051200090582,"AsphaltRoads",3,"NA","NA","NA"
"./inst/extdata/fredi/gcm/AsphaltRoads_scaledimpacts.csv","Louisiana","LA","CCSM4",1162.3286641617,"AsphaltRoads",4,"NA","NA","NA"
"./inst/extdata/fredi/gcm/AsphaltRoads_scaledimpacts.csv","Louisiana","LA","MIROC5",441.113293890188,"AsphaltRoads",1,"NA","NA","NA"
"./inst/extdata/fredi/gcm/AsphaltRoads_scaledimpacts.csv","Louisiana","LA","MIROC5",828.145433986137,"AsphaltRoads",2,"NA","NA","NA"
"./inst/extdata/fredi/gcm/AsphaltRoads_scaledimpacts.csv","Louisiana","LA","MIROC5",831.143123155235,"AsphaltRoads",3,"NA","NA","NA"
"./inst/extdata/fredi/gcm/AsphaltRoads_scaledimpacts.csv","Louisiana","LA","MIROC5",1151.18951103916,"AsphaltRoads",4,"NA","NA","NA"
"./inst/extdata/fredi/gcm/AsphaltRoads_scaledimpacts.csv","Louisiana","LA","MIROC5",1597.526374438,"AsphaltRoads",5,"NA","NA","NA"
"./inst/extdata/fredi/gcm/AsphaltRoads_scaledimpacts.csv","Louisiana","LA","CanESM2",416.188732877138,"AsphaltRoads",1,"NA","NA","NA"
"./inst/extdata/fredi/gcm/AsphaltRoads_scaledimpacts.csv","Louisiana","LA","CanESM2",865.176203605829,"AsphaltRoads",2,"NA","NA","NA"
"./inst/extdata/fredi/gcm/AsphaltRoads_scaledimpacts.csv","Louisiana","LA","CanESM2",926.673837077491,"AsphaltRoads",3,"NA","NA","NA"
"./inst/extdata/fredi/gcm/AsphaltRoads_scaledimpacts.csv","Louisiana","LA","CanESM2",1329.36138743792,"AsphaltRoads",4,"NA","NA","NA"
"./inst/extdata/fredi/gcm/AsphaltRoads_scaledimpacts.csv","Louisiana","LA","CanESM2",1778.1477731263,"AsphaltRoads",5,"NA","NA","NA"
"./inst/extdata/fredi/gcm/AsphaltRoads_scaledimpacts.csv","Louisiana","LA","CanESM2",2301.73188976275,"AsphaltRoads",6,"NA","NA","NA"
"./inst/extdata/fredi/gcm/AsphaltRoads_scaledimpacts.csv","Massachusetts","MA","CCSM4",253.813769884638,"AsphaltRoads",1,"NA","NA","NA"
"./inst/extdata/fredi/gcm/AsphaltRoads_scaledimpacts.csv","Massachusetts","MA","CCSM4",447.906652737596,"AsphaltRoads",2,"NA","NA","NA"
"./inst/extdata/fredi/gcm/AsphaltRoads_scaledimpacts.csv","Massachusetts","MA","CCSM4",767.750397074054,"AsphaltRoads",3,"NA","NA","NA"
"./inst/extdata/fredi/gcm/AsphaltRoads_scaledimpacts.csv","Massachusetts","MA","CCSM4",1327.47694966286,"AsphaltRoads",4,"NA","NA","NA"
"./inst/extdata/fredi/gcm/AsphaltRoads_scaledimpacts.csv","Massachusetts","MA","MIROC5",238.883548126718,"AsphaltRoads",1,"NA","NA","NA"
"./inst/extdata/fredi/gcm/AsphaltRoads_scaledimpacts.csv","Massachusetts","MA","MIROC5",447.906652737596,"AsphaltRoads",2,"NA","NA","NA"
"./inst/extdata/fredi/gcm/AsphaltRoads_scaledimpacts.csv","Massachusetts","MA","MIROC5",447.906652737596,"AsphaltRoads",3,"NA","NA","NA"
"./inst/extdata/fredi/gcm/AsphaltRoads_scaledimpacts.csv","Massachusetts","MA","MIROC5",530.540418826168,"AsphaltRoads",4,"NA","NA","NA"
"./inst/extdata/fredi/gcm/AsphaltRoads_scaledimpacts.csv","Massachusetts","MA","MIROC5",646.227691350169,"AsphaltRoads",5,"NA","NA","NA"
"./inst/extdata/fredi/gcm/AsphaltRoads_scaledimpacts.csv","Massachusetts","MA","CanESM2",223.953326368798,"AsphaltRoads",1,"NA","NA","NA"
"./inst/extdata/fredi/gcm/AsphaltRoads_scaledimpacts.csv","Massachusetts","MA","CanESM2",499.839213727426,"AsphaltRoads",2,"NA","NA","NA"
"./inst/extdata/fredi/gcm/AsphaltRoads_scaledimpacts.csv","Massachusetts","MA","CanESM2",597.212765583356,"AsphaltRoads",3,"NA","NA","NA"
"./inst/extdata/fredi/gcm/AsphaltRoads_scaledimpacts.csv","Massachusetts","MA","CanESM2",1076.72624221324,"AsphaltRoads",4,"NA","NA","NA"
"./inst/extdata/fredi/gcm/AsphaltRoads_scaledimpacts.csv","Massachusetts","MA","CanESM2",1597.61322512977,"AsphaltRoads",5,"NA","NA","NA"
"./inst/extdata/fredi/gcm/AsphaltRoads_scaledimpacts.csv","Massachusetts","MA","CanESM2",2205.31470519906,"AsphaltRoads",6,"NA","NA","NA"
"./inst/extdata/fredi/gcm/AsphaltRoads_scaledimpacts.csv","Maryland","MD","CCSM4",134.439212003797,"AsphaltRoads",1,"NA","NA","NA"
"./inst/extdata/fredi/gcm/AsphaltRoads_scaledimpacts.csv","Maryland","MD","CCSM4",1060.7830321723,"AsphaltRoads",2,"NA","NA","NA"
"./inst/extdata/fredi/gcm/AsphaltRoads_scaledimpacts.csv","Maryland","MD","CCSM4",1797.49079108564,"AsphaltRoads",3,"NA","NA","NA"
"./inst/extdata/fredi/gcm/AsphaltRoads_scaledimpacts.csv","Maryland","MD","CCSM4",1825.68778066572,"AsphaltRoads",4,"NA","NA","NA"
"./inst/extdata/fredi/gcm/AsphaltRoads_scaledimpacts.csv","Maryland","MD","MIROC5",34.8051090331968,"AsphaltRoads",1,"NA","NA","NA"
"./inst/extdata/fredi/gcm/AsphaltRoads_scaledimpacts.csv","Maryland","MD","MIROC5",394.273880517364,"AsphaltRoads",2,"NA","NA","NA"
"./inst/extdata/fredi/gcm/AsphaltRoads_scaledimpacts.csv","Maryland","MD","MIROC5",1326.48106691104,"AsphaltRoads",3,"NA","NA","NA"
"./inst/extdata/fredi/gcm/AsphaltRoads_scaledimpacts.csv","Maryland","MD","MIROC5",1742.44753214993,"AsphaltRoads",4,"NA","NA","NA"
"./inst/extdata/fredi/gcm/AsphaltRoads_scaledimpacts.csv","Maryland","MD","MIROC5",1787.41055838685,"AsphaltRoads",5,"NA","NA","NA"
"./inst/extdata/fredi/gcm/AsphaltRoads_scaledimpacts.csv","Maryland","MD","CanESM2",743.543016289672,"AsphaltRoads",1,"NA","NA","NA"
"./inst/extdata/fredi/gcm/AsphaltRoads_scaledimpacts.csv","Maryland","MD","CanESM2",1565.5639507212,"AsphaltRoads",2,"NA","NA","NA"
"./inst/extdata/fredi/gcm/AsphaltRoads_scaledimpacts.csv","Maryland","MD","CanESM2",1712.71004723719,"AsphaltRoads",3,"NA","NA","NA"
"./inst/extdata/fredi/gcm/AsphaltRoads_scaledimpacts.csv","Maryland","MD","CanESM2",1801.51893245423,"AsphaltRoads",4,"NA","NA","NA"
"./inst/extdata/fredi/gcm/AsphaltRoads_scaledimpacts.csv","Maryland","MD","CanESM2",1825.68778066572,"AsphaltRoads",5,"NA","NA","NA"
"./inst/extdata/fredi/gcm/AsphaltRoads_scaledimpacts.csv","Maryland","MD","CanESM2",1853.8847702458,"AsphaltRoads",6,"NA","NA","NA"
"./inst/extdata/fredi/gcm/AsphaltRoads_scaledimpacts.csv","Maine","ME","CCSM4",890.538024071229,"AsphaltRoads",1,"NA","NA","NA"
"./inst/extdata/fredi/gcm/AsphaltRoads_scaledimpacts.csv","Maine","ME","CCSM4",1571.53768953746,"AsphaltRoads",2,"NA","NA","NA"
"./inst/extdata/fredi/gcm/AsphaltRoads_scaledimpacts.csv","Maine","ME","CCSM4",1592.22342910855,"AsphaltRoads",3,"NA","NA","NA"
"./inst/extdata/fredi/gcm/AsphaltRoads_scaledimpacts.csv","Maine","ME","CCSM4",1628.42347335794,"AsphaltRoads",4,"NA","NA","NA"
"./inst/extdata/fredi/gcm/AsphaltRoads_scaledimpacts.csv","Maine","ME","MIROC5",838.15343441998,"AsphaltRoads",1,"NA","NA","NA"
"./inst/extdata/fredi/gcm/AsphaltRoads_scaledimpacts.csv","Maine","ME","MIROC5",1571.53768953746,"AsphaltRoads",2,"NA","NA","NA"
"./inst/extdata/fredi/gcm/AsphaltRoads_scaledimpacts.csv","Maine","ME","MIROC5",1571.53768953746,"AsphaltRoads",3,"NA","NA","NA"
"./inst/extdata/fredi/gcm/AsphaltRoads_scaledimpacts.csv","Maine","ME","MIROC5",1571.53768953746,"AsphaltRoads",4,"NA","NA","NA"
"./inst/extdata/fredi/gcm/AsphaltRoads_scaledimpacts.csv","Maine","ME","MIROC5",1571.53768953746,"AsphaltRoads",5,"NA","NA","NA"
"./inst/extdata/fredi/gcm/AsphaltRoads_scaledimpacts.csv","Maine","ME","CanESM2",785.768844768731,"AsphaltRoads",1,"NA","NA","NA"
"./inst/extdata/fredi/gcm/AsphaltRoads_scaledimpacts.csv","Maine","ME","CanESM2",1571.53768953746,"AsphaltRoads",2,"NA","NA","NA"
"./inst/extdata/fredi/gcm/AsphaltRoads_scaledimpacts.csv","Maine","ME","CanESM2",1571.53768953746,"AsphaltRoads",3,"NA","NA","NA"
"./inst/extdata/fredi/gcm/AsphaltRoads_scaledimpacts.csv","Maine","ME","CanESM2",1815.11138154072,"AsphaltRoads",4,"NA","NA","NA"
"./inst/extdata/fredi/gcm/AsphaltRoads_scaledimpacts.csv","Maine","ME","CanESM2",2107.39981194463,"AsphaltRoads",5,"NA","NA","NA"
"./inst/extdata/fredi/gcm/AsphaltRoads_scaledimpacts.csv","Maine","ME","CanESM2",2448.4029807492,"AsphaltRoads",6,"NA","NA","NA"
"./inst/extdata/fredi/gcm/AsphaltRoads_scaledimpacts.csv","Michigan","MI","CCSM4",240.898723531576,"AsphaltRoads",1,"NA","NA","NA"
"./inst/extdata/fredi/gcm/AsphaltRoads_scaledimpacts.csv","Michigan","MI","CCSM4",836.648084294049,"AsphaltRoads",2,"NA","NA","NA"
"./inst/extdata/fredi/gcm/AsphaltRoads_scaledimpacts.csv","Michigan","MI","CCSM4",1373.92189549151,"AsphaltRoads",3,"NA","NA","NA"
"./inst/extdata/fredi/gcm/AsphaltRoads_scaledimpacts.csv","Michigan","MI","CCSM4",1683.99163379015,"AsphaltRoads",4,"NA","NA","NA"
"./inst/extdata/fredi/gcm/AsphaltRoads_scaledimpacts.csv","Michigan","MI","MIROC5",226.728210382659,"AsphaltRoads",1,"NA","NA","NA"
"./inst/extdata/fredi/gcm/AsphaltRoads_scaledimpacts.csv","Michigan","MI","MIROC5",474.191733347641,"AsphaltRoads",2,"NA","NA","NA"
"./inst/extdata/fredi/gcm/AsphaltRoads_scaledimpacts.csv","Michigan","MI","MIROC5",613.241360174746,"AsphaltRoads",3,"NA","NA","NA"
"./inst/extdata/fredi/gcm/AsphaltRoads_scaledimpacts.csv","Michigan","MI","MIROC5",1044.32087177508,"AsphaltRoads",4,"NA","NA","NA"
"./inst/extdata/fredi/gcm/AsphaltRoads_scaledimpacts.csv","Michigan","MI","MIROC5",1567.67416784463,"AsphaltRoads",5,"NA","NA","NA"
"./inst/extdata/fredi/gcm/AsphaltRoads_scaledimpacts.csv","Michigan","MI","CanESM2",212.557697233743,"AsphaltRoads",1,"NA","NA","NA"
"./inst/extdata/fredi/gcm/AsphaltRoads_scaledimpacts.csv","Michigan","MI","CanESM2",466.890778609434,"AsphaltRoads",2,"NA","NA","NA"
"./inst/extdata/fredi/gcm/AsphaltRoads_scaledimpacts.csv","Michigan","MI","CanESM2",545.219623875587,"AsphaltRoads",3,"NA","NA","NA"
"./inst/extdata/fredi/gcm/AsphaltRoads_scaledimpacts.csv","Michigan","MI","CanESM2",1009.05143493445,"AsphaltRoads",4,"NA","NA","NA"
"./inst/extdata/fredi/gcm/AsphaltRoads_scaledimpacts.csv","Michigan","MI","CanESM2",1521.78545485605,"AsphaltRoads",5,"NA","NA","NA"
"./inst/extdata/fredi/gcm/AsphaltRoads_scaledimpacts.csv","Michigan","MI","CanESM2",2119.97514476457,"AsphaltRoads",6,"NA","NA","NA"
"./inst/extdata/fredi/gcm/AsphaltRoads_scaledimpacts.csv","Minnesota","MN","CCSM4",266.996563953164,"AsphaltRoads",1,"NA","NA","NA"
"./inst/extdata/fredi/gcm/AsphaltRoads_scaledimpacts.csv","Minnesota","MN","CCSM4",832.730515999754,"AsphaltRoads",2,"NA","NA","NA"
"./inst/extdata/fredi/gcm/AsphaltRoads_scaledimpacts.csv","Minnesota","MN","CCSM4",1343.97487814768,"AsphaltRoads",3,"NA","NA","NA"
"./inst/extdata/fredi/gcm/AsphaltRoads_scaledimpacts.csv","Minnesota","MN","CCSM4",1685.01359496418,"AsphaltRoads",4,"NA","NA","NA"
"./inst/extdata/fredi/gcm/AsphaltRoads_scaledimpacts.csv","Minnesota","MN","MIROC5",253.952733502096,"AsphaltRoads",1,"NA","NA","NA"
"./inst/extdata/fredi/gcm/AsphaltRoads_scaledimpacts.csv","Minnesota","MN","MIROC5",584.957181020625,"AsphaltRoads",2,"NA","NA","NA"
"./inst/extdata/fredi/gcm/AsphaltRoads_scaledimpacts.csv","Minnesota","MN","MIROC5",893.211963849179,"AsphaltRoads",3,"NA","NA","NA"
"./inst/extdata/fredi/gcm/AsphaltRoads_scaledimpacts.csv","Minnesota","MN","MIROC5",1250.90059740369,"AsphaltRoads",4,"NA","NA","NA"
"./inst/extdata/fredi/gcm/AsphaltRoads_scaledimpacts.csv","Minnesota","MN","MIROC5",1573.96486839649,"AsphaltRoads",5,"NA","NA","NA"
"./inst/extdata/fredi/gcm/AsphaltRoads_scaledimpacts.csv","Minnesota","MN","CanESM2",232.317356644232,"AsphaltRoads",1,"NA","NA","NA"
"./inst/extdata/fredi/gcm/AsphaltRoads_scaledimpacts.csv","Minnesota","MN","CanESM2",508.492031789648,"AsphaltRoads",2,"NA","NA","NA"
"./inst/extdata/fredi/gcm/AsphaltRoads_scaledimpacts.csv","Minnesota","MN","CanESM2",590.724503979367,"AsphaltRoads",3,"NA","NA","NA"
"./inst/extdata/fredi/gcm/AsphaltRoads_scaledimpacts.csv","Minnesota","MN","CanESM2",1033.73967201171,"AsphaltRoads",4,"NA","NA","NA"
"./inst/extdata/fredi/gcm/AsphaltRoads_scaledimpacts.csv","Minnesota","MN","CanESM2",1519.30768922428,"AsphaltRoads",5,"NA","NA","NA"
"./inst/extdata/fredi/gcm/AsphaltRoads_scaledimpacts.csv","Minnesota","MN","CanESM2",2085.80370930562,"AsphaltRoads",6,"NA","NA","NA"
"./inst/extdata/fredi/gcm/AsphaltRoads_scaledimpacts.csv","Missouri","MO","CCSM4",940.312854189053,"AsphaltRoads",1,"NA","NA","NA"
"./inst/extdata/fredi/gcm/AsphaltRoads_scaledimpacts.csv","Missouri","MO","CCSM4",1693.19140360073,"AsphaltRoads",2,"NA","NA","NA"
"./inst/extdata/fredi/gcm/AsphaltRoads_scaledimpacts.csv","Missouri","MO","CCSM4",1909.93111229682,"AsphaltRoads",3,"NA","NA","NA"
"./inst/extdata/fredi/gcm/AsphaltRoads_scaledimpacts.csv","Missouri","MO","CCSM4",2237.44519159311,"AsphaltRoads",4,"NA","NA","NA"
"./inst/extdata/fredi/gcm/AsphaltRoads_scaledimpacts.csv","Missouri","MO","MIROC5",885.000333354403,"AsphaltRoads",1,"NA","NA","NA"
"./inst/extdata/fredi/gcm/AsphaltRoads_scaledimpacts.csv","Missouri","MO","MIROC5",1661.02431542738,"AsphaltRoads",2,"NA","NA","NA"
"./inst/extdata/fredi/gcm/AsphaltRoads_scaledimpacts.csv","Missouri","MO","MIROC5",1665.69560485969,"AsphaltRoads",3,"NA","NA","NA"
"./inst/extdata/fredi/gcm/AsphaltRoads_scaledimpacts.csv","Missouri","MO","MIROC5",1941.40904437387,"AsphaltRoads",4,"NA","NA","NA"
"./inst/extdata/fredi/gcm/AsphaltRoads_scaledimpacts.csv","Missouri","MO","MIROC5",2324.71499872685,"AsphaltRoads",5,"NA","NA","NA"
"./inst/extdata/fredi/gcm/AsphaltRoads_scaledimpacts.csv","Missouri","MO","CanESM2",829.687812519753,"AsphaltRoads",1,"NA","NA","NA"
"./inst/extdata/fredi/gcm/AsphaltRoads_scaledimpacts.csv","Missouri","MO","CanESM2",1659.37562503951,"AsphaltRoads",2,"NA","NA","NA"
"./inst/extdata/fredi/gcm/AsphaltRoads_scaledimpacts.csv","Missouri","MO","CanESM2",1659.37562503951,"AsphaltRoads",3,"NA","NA","NA"
"./inst/extdata/fredi/gcm/AsphaltRoads_scaledimpacts.csv","Missouri","MO","CanESM2",1857.88252991918,"AsphaltRoads",4,"NA","NA","NA"
"./inst/extdata/fredi/gcm/AsphaltRoads_scaledimpacts.csv","Missouri","MO","CanESM2",2096.0908157748,"AsphaltRoads",5,"NA","NA","NA"
"./inst/extdata/fredi/gcm/AsphaltRoads_scaledimpacts.csv","Missouri","MO","CanESM2",2374.00048260635,"AsphaltRoads",6,"NA","NA","NA"
"./inst/extdata/fredi/gcm/AsphaltRoads_scaledimpacts.csv","Mississippi","MS","CCSM4",575.896845672241,"AsphaltRoads",1,"NA","NA","NA"
"./inst/extdata/fredi/gcm/AsphaltRoads_scaledimpacts.csv","Mississippi","MS","CCSM4",1016.28855118631,"AsphaltRoads",2,"NA","NA","NA"
"./inst/extdata/fredi/gcm/AsphaltRoads_scaledimpacts.csv","Mississippi","MS","CCSM4",1068.8595991878,"AsphaltRoads",3,"NA","NA","NA"
"./inst/extdata/fredi/gcm/AsphaltRoads_scaledimpacts.csv","Mississippi","MS","CCSM4",1160.8589331904,"AsphaltRoads",4,"NA","NA","NA"
"./inst/extdata/fredi/gcm/AsphaltRoads_scaledimpacts.csv","Mississippi","MS","MIROC5",542.020560632697,"AsphaltRoads",1,"NA","NA","NA"
"./inst/extdata/fredi/gcm/AsphaltRoads_scaledimpacts.csv","Mississippi","MS","MIROC5",1016.28855118631,"AsphaltRoads",2,"NA","NA","NA"
"./inst/extdata/fredi/gcm/AsphaltRoads_scaledimpacts.csv","Mississippi","MS","MIROC5",1016.28855118631,"AsphaltRoads",3,"NA","NA","NA"
"./inst/extdata/fredi/gcm/AsphaltRoads_scaledimpacts.csv","Mississippi","MS","MIROC5",1370.72204844449,"AsphaltRoads",4,"NA","NA","NA"
"./inst/extdata/fredi/gcm/AsphaltRoads_scaledimpacts.csv","Mississippi","MS","MIROC5",1866.92894460594,"AsphaltRoads",5,"NA","NA","NA"
"./inst/extdata/fredi/gcm/AsphaltRoads_scaledimpacts.csv","Mississippi","MS","CanESM2",508.144275593154,"AsphaltRoads",1,"NA","NA","NA"
"./inst/extdata/fredi/gcm/AsphaltRoads_scaledimpacts.csv","Mississippi","MS","CanESM2",1016.28855118631,"AsphaltRoads",2,"NA","NA","NA"
"./inst/extdata/fredi/gcm/AsphaltRoads_scaledimpacts.csv","Mississippi","MS","CanESM2",1016.28855118631,"AsphaltRoads",3,"NA","NA","NA"
"./inst/extdata/fredi/gcm/AsphaltRoads_scaledimpacts.csv","Mississippi","MS","CanESM2",1416.92776960671,"AsphaltRoads",4,"NA","NA","NA"
"./inst/extdata/fredi/gcm/AsphaltRoads_scaledimpacts.csv","Mississippi","MS","CanESM2",1897.69483171119,"AsphaltRoads",5,"NA","NA","NA"
"./inst/extdata/fredi/gcm/AsphaltRoads_scaledimpacts.csv","Mississippi","MS","CanESM2",2458.58973749975,"AsphaltRoads",6,"NA","NA","NA"
"./inst/extdata/fredi/gcm/AsphaltRoads_scaledimpacts.csv","Montana","MT","CCSM4",669.972428556031,"AsphaltRoads",1,"NA","NA","NA"
"./inst/extdata/fredi/gcm/AsphaltRoads_scaledimpacts.csv","Montana","MT","CCSM4",1354.97768139323,"AsphaltRoads",2,"NA","NA","NA"
"./inst/extdata/fredi/gcm/AsphaltRoads_scaledimpacts.csv","Montana","MT","CCSM4",1641.66560851255,"AsphaltRoads",3,"NA","NA","NA"
"./inst/extdata/fredi/gcm/AsphaltRoads_scaledimpacts.csv","Montana","MT","CCSM4",1878.96334379635,"AsphaltRoads",4,"NA","NA","NA"
"./inst/extdata/fredi/gcm/AsphaltRoads_scaledimpacts.csv","Montana","MT","MIROC5",352.451394906667,"AsphaltRoads",1,"NA","NA","NA"
"./inst/extdata/fredi/gcm/AsphaltRoads_scaledimpacts.csv","Montana","MT","MIROC5",752.834826573604,"AsphaltRoads",2,"NA","NA","NA"
"./inst/extdata/fredi/gcm/AsphaltRoads_scaledimpacts.csv","Montana","MT","MIROC5",1013.46879975715,"AsphaltRoads",3,"NA","NA","NA"
"./inst/extdata/fredi/gcm/AsphaltRoads_scaledimpacts.csv","Montana","MT","MIROC5",1307.64981825193,"AsphaltRoads",4,"NA","NA","NA"
"./inst/extdata/fredi/gcm/AsphaltRoads_scaledimpacts.csv","Montana","MT","MIROC5",1569.2554243094,"AsphaltRoads",5,"NA","NA","NA"
"./inst/extdata/fredi/gcm/AsphaltRoads_scaledimpacts.csv","Montana","MT","CanESM2",295.959446441181,"AsphaltRoads",1,"NA","NA","NA"
"./inst/extdata/fredi/gcm/AsphaltRoads_scaledimpacts.csv","Montana","MT","CanESM2",793.416737763826,"AsphaltRoads",2,"NA","NA","NA"
"./inst/extdata/fredi/gcm/AsphaltRoads_scaledimpacts.csv","Montana","MT","CanESM2",1171.22519691657,"AsphaltRoads",3,"NA","NA","NA"
"./inst/extdata/fredi/gcm/AsphaltRoads_scaledimpacts.csv","Montana","MT","CanESM2",1564.38614576772,"AsphaltRoads",4,"NA","NA","NA"
"./inst/extdata/fredi/gcm/AsphaltRoads_scaledimpacts.csv","Montana","MT","CanESM2",1824.60654726355,"AsphaltRoads",5,"NA","NA","NA"
"./inst/extdata/fredi/gcm/AsphaltRoads_scaledimpacts.csv","Montana","MT","CanESM2",2128.19701567535,"AsphaltRoads",6,"NA","NA","NA"
"./inst/extdata/fredi/gcm/AsphaltRoads_scaledimpacts.csv","North Carolina","NC","CCSM4",799.070575497264,"AsphaltRoads",1,"NA","NA","NA"
"./inst/extdata/fredi/gcm/AsphaltRoads_scaledimpacts.csv","North Carolina","NC","CCSM4",1580.81711733739,"AsphaltRoads",2,"NA","NA","NA"
"./inst/extdata/fredi/gcm/AsphaltRoads_scaledimpacts.csv","North Carolina","NC","CCSM4",1744.80861856116,"AsphaltRoads",3,"NA","NA","NA"
"./inst/extdata/fredi/gcm/AsphaltRoads_scaledimpacts.csv","North Carolina","NC","CCSM4",1770.42074430376,"AsphaltRoads",4,"NA","NA","NA"
"./inst/extdata/fredi/gcm/AsphaltRoads_scaledimpacts.csv","North Carolina","NC","MIROC5",352.966695307249,"AsphaltRoads",1,"NA","NA","NA"
"./inst/extdata/fredi/gcm/AsphaltRoads_scaledimpacts.csv","North Carolina","NC","MIROC5",859.864126247185,"AsphaltRoads",2,"NA","NA","NA"
"./inst/extdata/fredi/gcm/AsphaltRoads_scaledimpacts.csv","North Carolina","NC","MIROC5",1421.01024846112,"AsphaltRoads",3,"NA","NA","NA"
"./inst/extdata/fredi/gcm/AsphaltRoads_scaledimpacts.csv","North Carolina","NC","MIROC5",1700.76027340161,"AsphaltRoads",4,"NA","NA","NA"
"./inst/extdata/fredi/gcm/AsphaltRoads_scaledimpacts.csv","North Carolina","NC","MIROC5",1768.92607315969,"AsphaltRoads",5,"NA","NA","NA"
"./inst/extdata/fredi/gcm/AsphaltRoads_scaledimpacts.csv","North Carolina","NC","CanESM2",823.292523265056,"AsphaltRoads",1,"NA","NA","NA"
"./inst/extdata/fredi/gcm/AsphaltRoads_scaledimpacts.csv","North Carolina","NC","CanESM2",1670.35891893217,"AsphaltRoads",2,"NA","NA","NA"
"./inst/extdata/fredi/gcm/AsphaltRoads_scaledimpacts.csv","North Carolina","NC","CanESM2",1714.93492968604,"AsphaltRoads",3,"NA","NA","NA"
"./inst/extdata/fredi/gcm/AsphaltRoads_scaledimpacts.csv","North Carolina","NC","CanESM2",1804.83696330228,"AsphaltRoads",4,"NA","NA","NA"
"./inst/extdata/fredi/gcm/AsphaltRoads_scaledimpacts.csv","North Carolina","NC","CanESM2",1887.7568376196,"AsphaltRoads",5,"NA","NA","NA"
"./inst/extdata/fredi/gcm/AsphaltRoads_scaledimpacts.csv","North Carolina","NC","CanESM2",1984.49669098981,"AsphaltRoads",6,"NA","NA","NA"
"./inst/extdata/fredi/gcm/AsphaltRoads_scaledimpacts.csv","North Dakota","ND","CCSM4",191.150295041641,"AsphaltRoads",1,"NA","NA","NA"
"./inst/extdata/fredi/gcm/AsphaltRoads_scaledimpacts.csv","North Dakota","ND","CCSM4",826.744474441385,"AsphaltRoads",2,"NA","NA","NA"
"./inst/extdata/fredi/gcm/AsphaltRoads_scaledimpacts.csv","North Dakota","ND","CCSM4",1368.22985727499,"AsphaltRoads",3,"NA","NA","NA"
"./inst/extdata/fredi/gcm/AsphaltRoads_scaledimpacts.csv","North Dakota","ND","CCSM4",1566.40425242045,"AsphaltRoads",4,"NA","NA","NA"
"./inst/extdata/fredi/gcm/AsphaltRoads_scaledimpacts.csv","North Dakota","ND","MIROC5",62.5075945969927,"AsphaltRoads",1,"NA","NA","NA"
"./inst/extdata/fredi/gcm/AsphaltRoads_scaledimpacts.csv","North Dakota","ND","MIROC5",304.278285002875,"AsphaltRoads",2,"NA","NA","NA"
"./inst/extdata/fredi/gcm/AsphaltRoads_scaledimpacts.csv","North Dakota","ND","MIROC5",834.328496214497,"AsphaltRoads",3,"NA","NA","NA"
"./inst/extdata/fredi/gcm/AsphaltRoads_scaledimpacts.csv","North Dakota","ND","MIROC5",1260.45491208019,"AsphaltRoads",4,"NA","NA","NA"
"./inst/extdata/fredi/gcm/AsphaltRoads_scaledimpacts.csv","North Dakota","ND","MIROC5",1551.47353724075,"AsphaltRoads",5,"NA","NA","NA"
"./inst/extdata/fredi/gcm/AsphaltRoads_scaledimpacts.csv","North Dakota","ND","CanESM2",3.18686135282585,"AsphaltRoads",1,"NA","NA","NA"
"./inst/extdata/fredi/gcm/AsphaltRoads_scaledimpacts.csv","North Dakota","ND","CanESM2",291.548966576323,"AsphaltRoads",2,"NA","NA","NA"
"./inst/extdata/fredi/gcm/AsphaltRoads_scaledimpacts.csv","North Dakota","ND","CanESM2",826.252548833831,"AsphaltRoads",3,"NA","NA","NA"
"./inst/extdata/fredi/gcm/AsphaltRoads_scaledimpacts.csv","North Dakota","ND","CanESM2",1278.9210422746,"AsphaltRoads",4,"NA","NA","NA"
"./inst/extdata/fredi/gcm/AsphaltRoads_scaledimpacts.csv","North Dakota","ND","CanESM2",1522.68922833931,"AsphaltRoads",5,"NA","NA","NA"
"./inst/extdata/fredi/gcm/AsphaltRoads_scaledimpacts.csv","North Dakota","ND","CanESM2",1807.08544541481,"AsphaltRoads",6,"NA","NA","NA"
"./inst/extdata/fredi/gcm/AsphaltRoads_scaledimpacts.csv","Nebraska","NE","CCSM4",913.703760375255,"AsphaltRoads",1,"NA","NA","NA"
"./inst/extdata/fredi/gcm/AsphaltRoads_scaledimpacts.csv","Nebraska","NE","CCSM4",1660.08473043099,"AsphaltRoads",2,"NA","NA","NA"
"./inst/extdata/fredi/gcm/AsphaltRoads_scaledimpacts.csv","Nebraska","NE","CCSM4",1856.09833176697,"AsphaltRoads",3,"NA","NA","NA"
"./inst/extdata/fredi/gcm/AsphaltRoads_scaledimpacts.csv","Nebraska","NE","CCSM4",2126.13306664651,"AsphaltRoads",4,"NA","NA","NA"
"./inst/extdata/fredi/gcm/AsphaltRoads_scaledimpacts.csv","Nebraska","NE","MIROC5",859.956480353182,"AsphaltRoads",1,"NA","NA","NA"
"./inst/extdata/fredi/gcm/AsphaltRoads_scaledimpacts.csv","Nebraska","NE","MIROC5",1628.69841419632,"AsphaltRoads",2,"NA","NA","NA"
"./inst/extdata/fredi/gcm/AsphaltRoads_scaledimpacts.csv","Nebraska","NE","MIROC5",1674.82511920962,"AsphaltRoads",3,"NA","NA","NA"
"./inst/extdata/fredi/gcm/AsphaltRoads_scaledimpacts.csv","Nebraska","NE","MIROC5",1896.16966295703,"AsphaltRoads",4,"NA","NA","NA"
"./inst/extdata/fredi/gcm/AsphaltRoads_scaledimpacts.csv","Nebraska","NE","MIROC5",2179.46133543104,"AsphaltRoads",5,"NA","NA","NA"
"./inst/extdata/fredi/gcm/AsphaltRoads_scaledimpacts.csv","Nebraska","NE","CanESM2",798.987549312286,"AsphaltRoads",1,"NA","NA","NA"
"./inst/extdata/fredi/gcm/AsphaltRoads_scaledimpacts.csv","Nebraska","NE","CanESM2",1608.16062234704,"AsphaltRoads",2,"NA","NA","NA"
"./inst/extdata/fredi/gcm/AsphaltRoads_scaledimpacts.csv","Nebraska","NE","CanESM2",1627.25847932667,"AsphaltRoads",3,"NA","NA","NA"
"./inst/extdata/fredi/gcm/AsphaltRoads_scaledimpacts.csv","Nebraska","NE","CanESM2",1841.92796161609,"AsphaltRoads",4,"NA","NA","NA"
"./inst/extdata/fredi/gcm/AsphaltRoads_scaledimpacts.csv","Nebraska","NE","CanESM2",2088.83654045481,"AsphaltRoads",5,"NA","NA","NA"
"./inst/extdata/fredi/gcm/AsphaltRoads_scaledimpacts.csv","Nebraska","NE","CanESM2",2376.89654909998,"AsphaltRoads",6,"NA","NA","NA"
"./inst/extdata/fredi/gcm/AsphaltRoads_scaledimpacts.csv","New Hampshire","NH","CCSM4",545.059744789072,"AsphaltRoads",1,"NA","NA","NA"
"./inst/extdata/fredi/gcm/AsphaltRoads_scaledimpacts.csv","New Hampshire","NH","CCSM4",961.870137863068,"AsphaltRoads",2,"NA","NA","NA"
"./inst/extdata/fredi/gcm/AsphaltRoads_scaledimpacts.csv","New Hampshire","NH","CCSM4",1195.51244900735,"AsphaltRoads",3,"NA","NA","NA"
"./inst/extdata/fredi/gcm/AsphaltRoads_scaledimpacts.csv","New Hampshire","NH","CCSM4",1604.38649350986,"AsphaltRoads",4,"NA","NA","NA"
"./inst/extdata/fredi/gcm/AsphaltRoads_scaledimpacts.csv","New Hampshire","NH","MIROC5",512.997406860303,"AsphaltRoads",1,"NA","NA","NA"
"./inst/extdata/fredi/gcm/AsphaltRoads_scaledimpacts.csv","New Hampshire","NH","MIROC5",961.870137863068,"AsphaltRoads",2,"NA","NA","NA"
"./inst/extdata/fredi/gcm/AsphaltRoads_scaledimpacts.csv","New Hampshire","NH","MIROC5",961.870137863068,"AsphaltRoads",3,"NA","NA","NA"
"./inst/extdata/fredi/gcm/AsphaltRoads_scaledimpacts.csv","New Hampshire","NH","MIROC5",1061.55363262638,"AsphaltRoads",4,"NA","NA","NA"
"./inst/extdata/fredi/gcm/AsphaltRoads_scaledimpacts.csv","New Hampshire","NH","MIROC5",1201.11052529502,"AsphaltRoads",5,"NA","NA","NA"
"./inst/extdata/fredi/gcm/AsphaltRoads_scaledimpacts.csv","New Hampshire","NH","CanESM2",480.935068931534,"AsphaltRoads",1,"NA","NA","NA"
"./inst/extdata/fredi/gcm/AsphaltRoads_scaledimpacts.csv","New Hampshire","NH","CanESM2",961.870137863068,"AsphaltRoads",2,"NA","NA","NA"
"./inst/extdata/fredi/gcm/AsphaltRoads_scaledimpacts.csv","New Hampshire","NH","CanESM2",961.870137863068,"AsphaltRoads",3,"NA","NA","NA"
"./inst/extdata/fredi/gcm/AsphaltRoads_scaledimpacts.csv","New Hampshire","NH","CanESM2",1318.84674999152,"AsphaltRoads",4,"NA","NA","NA"
"./inst/extdata/fredi/gcm/AsphaltRoads_scaledimpacts.csv","New Hampshire","NH","CanESM2",1747.21868454567,"AsphaltRoads",5,"NA","NA","NA"
"./inst/extdata/fredi/gcm/AsphaltRoads_scaledimpacts.csv","New Hampshire","NH","CanESM2",2246.9859415255,"AsphaltRoads",6,"NA","NA","NA"
"./inst/extdata/fredi/gcm/AsphaltRoads_scaledimpacts.csv","New Jersey","NJ","CCSM4",0,"AsphaltRoads",1,"NA","NA","NA"
"./inst/extdata/fredi/gcm/AsphaltRoads_scaledimpacts.csv","New Jersey","NJ","CCSM4",793.338980883187,"AsphaltRoads",2,"NA","NA","NA"
"./inst/extdata/fredi/gcm/AsphaltRoads_scaledimpacts.csv","New Jersey","NJ","CCSM4",1566.86934343779,"AsphaltRoads",3,"NA","NA","NA"
"./inst/extdata/fredi/gcm/AsphaltRoads_scaledimpacts.csv","New Jersey","NJ","CCSM4",1705.74716343097,"AsphaltRoads",4,"NA","NA","NA"
"./inst/extdata/fredi/gcm/AsphaltRoads_scaledimpacts.csv","New Jersey","NJ","MIROC5",0,"AsphaltRoads",1,"NA","NA","NA"
"./inst/extdata/fredi/gcm/AsphaltRoads_scaledimpacts.csv","New Jersey","NJ","MIROC5",231.531702033158,"AsphaltRoads",2,"NA","NA","NA"
"./inst/extdata/fredi/gcm/AsphaltRoads_scaledimpacts.csv","New Jersey","NJ","MIROC5",887.538191127106,"AsphaltRoads",3,"NA","NA","NA"
"./inst/extdata/fredi/gcm/AsphaltRoads_scaledimpacts.csv","New Jersey","NJ","MIROC5",1336.08803987744,"AsphaltRoads",4,"NA","NA","NA"
"./inst/extdata/fredi/gcm/AsphaltRoads_scaledimpacts.csv","New Jersey","NJ","MIROC5",1585.88938147375,"AsphaltRoads",5,"NA","NA","NA"
"./inst/extdata/fredi/gcm/AsphaltRoads_scaledimpacts.csv","New Jersey","NJ","CanESM2",348.132889638269,"AsphaltRoads",1,"NA","NA","NA"
"./inst/extdata/fredi/gcm/AsphaltRoads_scaledimpacts.csv","New Jersey","NJ","CanESM2",893.741111813278,"AsphaltRoads",2,"NA","NA","NA"
"./inst/extdata/fredi/gcm/AsphaltRoads_scaledimpacts.csv","New Jersey","NJ","CanESM2",1264.00736031967,"AsphaltRoads",3,"NA","NA","NA"
"./inst/extdata/fredi/gcm/AsphaltRoads_scaledimpacts.csv","New Jersey","NJ","CanESM2",1552.90082343047,"AsphaltRoads",4,"NA","NA","NA"
"./inst/extdata/fredi/gcm/AsphaltRoads_scaledimpacts.csv","New Jersey","NJ","CanESM2",1692.22387999986,"AsphaltRoads",5,"NA","NA","NA"
"./inst/extdata/fredi/gcm/AsphaltRoads_scaledimpacts.csv","New Jersey","NJ","CanESM2",1854.76744599748,"AsphaltRoads",6,"NA","NA","NA"
"./inst/extdata/fredi/gcm/AsphaltRoads_scaledimpacts.csv","New Mexico","NM","CCSM4",226.54777086073,"AsphaltRoads",1,"NA","NA","NA"
"./inst/extdata/fredi/gcm/AsphaltRoads_scaledimpacts.csv","New Mexico","NM","CCSM4",664.979580220484,"AsphaltRoads",2,"NA","NA","NA"
"./inst/extdata/fredi/gcm/AsphaltRoads_scaledimpacts.csv","New Mexico","NM","CCSM4",1016.98600303831,"AsphaltRoads",3,"NA","NA","NA"
"./inst/extdata/fredi/gcm/AsphaltRoads_scaledimpacts.csv","New Mexico","NM","CCSM4",1226.92597981069,"AsphaltRoads",4,"NA","NA","NA"
"./inst/extdata/fredi/gcm/AsphaltRoads_scaledimpacts.csv","New Mexico","NM","MIROC5",322.054011692769,"AsphaltRoads",1,"NA","NA","NA"
"./inst/extdata/fredi/gcm/AsphaltRoads_scaledimpacts.csv","New Mexico","NM","MIROC5",698.360601884101,"AsphaltRoads",2,"NA","NA","NA"
"./inst/extdata/fredi/gcm/AsphaltRoads_scaledimpacts.csv","New Mexico","NM","MIROC5",966.137036771215,"AsphaltRoads",3,"NA","NA","NA"
"./inst/extdata/fredi/gcm/AsphaltRoads_scaledimpacts.csv","New Mexico","NM","MIROC5",1288.83643796678,"AsphaltRoads",4,"NA","NA","NA"
"./inst/extdata/fredi/gcm/AsphaltRoads_scaledimpacts.csv","New Mexico","NM","MIROC5",1586.25036070565,"AsphaltRoads",5,"NA","NA","NA"
"./inst/extdata/fredi/gcm/AsphaltRoads_scaledimpacts.csv","New Mexico","NM","CanESM2",195.901261690194,"AsphaltRoads",1,"NA","NA","NA"
"./inst/extdata/fredi/gcm/AsphaltRoads_scaledimpacts.csv","New Mexico","NM","CanESM2",631.906566507452,"AsphaltRoads",2,"NA","NA","NA"
"./inst/extdata/fredi/gcm/AsphaltRoads_scaledimpacts.csv","New Mexico","NM","CanESM2",1082.1016473707,"AsphaltRoads",3,"NA","NA","NA"
"./inst/extdata/fredi/gcm/AsphaltRoads_scaledimpacts.csv","New Mexico","NM","CanESM2",1469.91245618408,"AsphaltRoads",4,"NA","NA","NA"
"./inst/extdata/fredi/gcm/AsphaltRoads_scaledimpacts.csv","New Mexico","NM","CanESM2",1683.17618147673,"AsphaltRoads",5,"NA","NA","NA"
"./inst/extdata/fredi/gcm/AsphaltRoads_scaledimpacts.csv","New Mexico","NM","CanESM2",1931.98386098482,"AsphaltRoads",6,"NA","NA","NA"
"./inst/extdata/fredi/gcm/AsphaltRoads_scaledimpacts.csv","Nevada","NV","CCSM4",211.151763679331,"AsphaltRoads",1,"NA","NA","NA"
"./inst/extdata/fredi/gcm/AsphaltRoads_scaledimpacts.csv","Nevada","NV","CCSM4",635.496854683022,"AsphaltRoads",2,"NA","NA","NA"
"./inst/extdata/fredi/gcm/AsphaltRoads_scaledimpacts.csv","Nevada","NV","CCSM4",991.266036022802,"AsphaltRoads",3,"NA","NA","NA"
"./inst/extdata/fredi/gcm/AsphaltRoads_scaledimpacts.csv","Nevada","NV","CCSM4",1211.33308251753,"AsphaltRoads",4,"NA","NA","NA"
"./inst/extdata/fredi/gcm/AsphaltRoads_scaledimpacts.csv","Nevada","NV","MIROC5",260.123639269994,"AsphaltRoads",1,"NA","NA","NA"
"./inst/extdata/fredi/gcm/AsphaltRoads_scaledimpacts.csv","Nevada","NV","MIROC5",516.389720695164,"AsphaltRoads",2,"NA","NA","NA"
"./inst/extdata/fredi/gcm/AsphaltRoads_scaledimpacts.csv","Nevada","NV","MIROC5",597.587095709616,"AsphaltRoads",3,"NA","NA","NA"
"./inst/extdata/fredi/gcm/AsphaltRoads_scaledimpacts.csv","Nevada","NV","MIROC5",844.642641805041,"AsphaltRoads",4,"NA","NA","NA"
"./inst/extdata/fredi/gcm/AsphaltRoads_scaledimpacts.csv","Nevada","NV","MIROC5",1143.71250780089,"AsphaltRoads",5,"NA","NA","NA"
"./inst/extdata/fredi/gcm/AsphaltRoads_scaledimpacts.csv","Nevada","NV","CanESM2",213.510417335305,"AsphaltRoads",1,"NA","NA","NA"
"./inst/extdata/fredi/gcm/AsphaltRoads_scaledimpacts.csv","Nevada","NV","CanESM2",587.911614056971,"AsphaltRoads",2,"NA","NA","NA"
"./inst/extdata/fredi/gcm/AsphaltRoads_scaledimpacts.csv","Nevada","NV","CanESM2",889.581825406397,"AsphaltRoads",3,"NA","NA","NA"
"./inst/extdata/fredi/gcm/AsphaltRoads_scaledimpacts.csv","Nevada","NV","CanESM2",1325.54964090096,"AsphaltRoads",4,"NA","NA","NA"
"./inst/extdata/fredi/gcm/AsphaltRoads_scaledimpacts.csv","Nevada","NV","CanESM2",1679.77570113876,"AsphaltRoads",5,"NA","NA","NA"
"./inst/extdata/fredi/gcm/AsphaltRoads_scaledimpacts.csv","Nevada","NV","CanESM2",2093.03943808286,"AsphaltRoads",6,"NA","NA","NA"
"./inst/extdata/fredi/gcm/AsphaltRoads_scaledimpacts.csv","New York","NY","CCSM4",354.455422187104,"AsphaltRoads",1,"NA","NA","NA"
"./inst/extdata/fredi/gcm/AsphaltRoads_scaledimpacts.csv","New York","NY","CCSM4",703.041149227753,"AsphaltRoads",2,"NA","NA","NA"
"./inst/extdata/fredi/gcm/AsphaltRoads_scaledimpacts.csv","New York","NY","CCSM4",1007.06093733639,"AsphaltRoads",3,"NA","NA","NA"
"./inst/extdata/fredi/gcm/AsphaltRoads_scaledimpacts.csv","New York","NY","CCSM4",1420.37533363738,"AsphaltRoads",4,"NA","NA","NA"
"./inst/extdata/fredi/gcm/AsphaltRoads_scaledimpacts.csv","New York","NY","MIROC5",333.605103234922,"AsphaltRoads",1,"NA","NA","NA"
"./inst/extdata/fredi/gcm/AsphaltRoads_scaledimpacts.csv","New York","NY","MIROC5",637.990579261698,"AsphaltRoads",2,"NA","NA","NA"
"./inst/extdata/fredi/gcm/AsphaltRoads_scaledimpacts.csv","New York","NY","MIROC5",673.35344290099,"AsphaltRoads",3,"NA","NA","NA"
"./inst/extdata/fredi/gcm/AsphaltRoads_scaledimpacts.csv","New York","NY","MIROC5",850.224236029624,"AsphaltRoads",4,"NA","NA","NA"
"./inst/extdata/fredi/gcm/AsphaltRoads_scaledimpacts.csv","New York","NY","MIROC5",1077.45769560588,"AsphaltRoads",5,"NA","NA","NA"
"./inst/extdata/fredi/gcm/AsphaltRoads_scaledimpacts.csv","New York","NY","CanESM2",312.754784282739,"AsphaltRoads",1,"NA","NA","NA"
"./inst/extdata/fredi/gcm/AsphaltRoads_scaledimpacts.csv","New York","NY","CanESM2",683.596709949701,"AsphaltRoads",2,"NA","NA","NA"
"./inst/extdata/fredi/gcm/AsphaltRoads_scaledimpacts.csv","New York","NY","CanESM2",792.510100045121,"AsphaltRoads",3,"NA","NA","NA"
"./inst/extdata/fredi/gcm/AsphaltRoads_scaledimpacts.csv","New York","NY","CanESM2",1215.75701176736,"AsphaltRoads",4,"NA","NA","NA"
"./inst/extdata/fredi/gcm/AsphaltRoads_scaledimpacts.csv","New York","NY","CanESM2",1662.66180738061,"AsphaltRoads",5,"NA","NA","NA"
"./inst/extdata/fredi/gcm/AsphaltRoads_scaledimpacts.csv","New York","NY","CanESM2",2184.05073559607,"AsphaltRoads",6,"NA","NA","NA"
"./inst/extdata/fredi/gcm/AsphaltRoads_scaledimpacts.csv","Ohio","OH","CCSM4",87.7967568242822,"AsphaltRoads",1,"NA","NA","NA"
"./inst/extdata/fredi/gcm/AsphaltRoads_scaledimpacts.csv","Ohio","OH","CCSM4",971.936738184052,"AsphaltRoads",2,"NA","NA","NA"
"./inst/extdata/fredi/gcm/AsphaltRoads_scaledimpacts.csv","Ohio","OH","CCSM4",1734.65007213612,"AsphaltRoads",3,"NA","NA","NA"
"./inst/extdata/fredi/gcm/AsphaltRoads_scaledimpacts.csv","Ohio","OH","CCSM4",1818.36518895,"AsphaltRoads",4,"NA","NA","NA"
"./inst/extdata/fredi/gcm/AsphaltRoads_scaledimpacts.csv","Ohio","OH","MIROC5",12.79682820366,"AsphaltRoads",1,"NA","NA","NA"
"./inst/extdata/fredi/gcm/AsphaltRoads_scaledimpacts.csv","Ohio","OH","MIROC5",227.195584765961,"AsphaltRoads",2,"NA","NA","NA"
"./inst/extdata/fredi/gcm/AsphaltRoads_scaledimpacts.csv","Ohio","OH","MIROC5",802.933258437571,"AsphaltRoads",3,"NA","NA","NA"
"./inst/extdata/fredi/gcm/AsphaltRoads_scaledimpacts.csv","Ohio","OH","MIROC5",1305.46342734174,"AsphaltRoads",4,"NA","NA","NA"
"./inst/extdata/fredi/gcm/AsphaltRoads_scaledimpacts.csv","Ohio","OH","MIROC5",1677.10982839689,"AsphaltRoads",5,"NA","NA","NA"
"./inst/extdata/fredi/gcm/AsphaltRoads_scaledimpacts.csv","Ohio","OH","CanESM2",94.6312746919476,"AsphaltRoads",1,"NA","NA","NA"
"./inst/extdata/fredi/gcm/AsphaltRoads_scaledimpacts.csv","Ohio","OH","CanESM2",448.251287345272,"AsphaltRoads",2,"NA","NA","NA"
"./inst/extdata/fredi/gcm/AsphaltRoads_scaledimpacts.csv","Ohio","OH","CanESM2",933.855171022854,"AsphaltRoads",3,"NA","NA","NA"
"./inst/extdata/fredi/gcm/AsphaltRoads_scaledimpacts.csv","Ohio","OH","CanESM2",1392.29368132227,"AsphaltRoads",4,"NA","NA","NA"
"./inst/extdata/fredi/gcm/AsphaltRoads_scaledimpacts.csv","Ohio","OH","CanESM2",1670.48171882212,"AsphaltRoads",5,"NA","NA","NA"
"./inst/extdata/fredi/gcm/AsphaltRoads_scaledimpacts.csv","Ohio","OH","CanESM2",1995.03442923862,"AsphaltRoads",6,"NA","NA","NA"
"./inst/extdata/fredi/gcm/AsphaltRoads_scaledimpacts.csv","Oklahoma","OK","CCSM4",319.096846166759,"AsphaltRoads",1,"NA","NA","NA"
"./inst/extdata/fredi/gcm/AsphaltRoads_scaledimpacts.csv","Oklahoma","OK","CCSM4",1209.74739292532,"AsphaltRoads",2,"NA","NA","NA"
"./inst/extdata/fredi/gcm/AsphaltRoads_scaledimpacts.csv","Oklahoma","OK","CCSM4",1792.00559170025,"AsphaltRoads",3,"NA","NA","NA"
"./inst/extdata/fredi/gcm/AsphaltRoads_scaledimpacts.csv","Oklahoma","OK","CCSM4",1820.79711889158,"AsphaltRoads",4,"NA","NA","NA"
"./inst/extdata/fredi/gcm/AsphaltRoads_scaledimpacts.csv","Oklahoma","OK","MIROC5",387.027994189718,"AsphaltRoads",1,"NA","NA","NA"
"./inst/extdata/fredi/gcm/AsphaltRoads_scaledimpacts.csv","Oklahoma","OK","MIROC5",922.862699403926,"AsphaltRoads",2,"NA","NA","NA"
"./inst/extdata/fredi/gcm/AsphaltRoads_scaledimpacts.csv","Oklahoma","OK","MIROC5",1481.55412858217,"AsphaltRoads",3,"NA","NA","NA"
"./inst/extdata/fredi/gcm/AsphaltRoads_scaledimpacts.csv","Oklahoma","OK","MIROC5",1755.6652980586,"AsphaltRoads",4,"NA","NA","NA"
"./inst/extdata/fredi/gcm/AsphaltRoads_scaledimpacts.csv","Oklahoma","OK","MIROC5",1817.35175850521,"AsphaltRoads",5,"NA","NA","NA"
"./inst/extdata/fredi/gcm/AsphaltRoads_scaledimpacts.csv","Oklahoma","OK","CanESM2",530.81093133899,"AsphaltRoads",1,"NA","NA","NA"
"./inst/extdata/fredi/gcm/AsphaltRoads_scaledimpacts.csv","Oklahoma","OK","CanESM2",1218.73110865501,"AsphaltRoads",2,"NA","NA","NA"
"./inst/extdata/fredi/gcm/AsphaltRoads_scaledimpacts.csv","Oklahoma","OK","CanESM2",1513.31094486194,"AsphaltRoads",3,"NA","NA","NA"
"./inst/extdata/fredi/gcm/AsphaltRoads_scaledimpacts.csv","Oklahoma","OK","CanESM2",1712.93749677581,"AsphaltRoads",4,"NA","NA","NA"
"./inst/extdata/fredi/gcm/AsphaltRoads_scaledimpacts.csv","Oklahoma","OK","CanESM2",1787.52465079658,"AsphaltRoads",5,"NA","NA","NA"
"./inst/extdata/fredi/gcm/AsphaltRoads_scaledimpacts.csv","Oklahoma","OK","CanESM2",1874.54299715415,"AsphaltRoads",6,"NA","NA","NA"
"./inst/extdata/fredi/gcm/AsphaltRoads_scaledimpacts.csv","Oregon","OR","CCSM4",388.212551971005,"AsphaltRoads",1,"NA","NA","NA"
"./inst/extdata/fredi/gcm/AsphaltRoads_scaledimpacts.csv","Oregon","OR","CCSM4",1027.92630953091,"AsphaltRoads",2,"NA","NA","NA"
"./inst/extdata/fredi/gcm/AsphaltRoads_scaledimpacts.csv","Oregon","OR","CCSM4",1485.89563662454,"AsphaltRoads",3,"NA","NA","NA"
"./inst/extdata/fredi/gcm/AsphaltRoads_scaledimpacts.csv","Oregon","OR","CCSM4",1762.36003910847,"AsphaltRoads",4,"NA","NA","NA"
"./inst/extdata/fredi/gcm/AsphaltRoads_scaledimpacts.csv","Oregon","OR","MIROC5",363.519451417476,"AsphaltRoads",1,"NA","NA","NA"
"./inst/extdata/fredi/gcm/AsphaltRoads_scaledimpacts.csv","Oregon","OR","MIROC5",735.213791537885,"AsphaltRoads",2,"NA","NA","NA"
"./inst/extdata/fredi/gcm/AsphaltRoads_scaledimpacts.csv","Oregon","OR","MIROC5",887.122448573221,"AsphaltRoads",3,"NA","NA","NA"
"./inst/extdata/fredi/gcm/AsphaltRoads_scaledimpacts.csv","Oregon","OR","MIROC5",1124.87249539581,"AsphaltRoads",4,"NA","NA","NA"
"./inst/extdata/fredi/gcm/AsphaltRoads_scaledimpacts.csv","Oregon","OR","MIROC5",1370.15168806824,"AsphaltRoads",5,"NA","NA","NA"
"./inst/extdata/fredi/gcm/AsphaltRoads_scaledimpacts.csv","Oregon","OR","CanESM2",241.740625287233,"AsphaltRoads",1,"NA","NA","NA"
"./inst/extdata/fredi/gcm/AsphaltRoads_scaledimpacts.csv","Oregon","OR","CanESM2",812.299925496879,"AsphaltRoads",2,"NA","NA","NA"
"./inst/extdata/fredi/gcm/AsphaltRoads_scaledimpacts.csv","Oregon","OR","CanESM2",1428.8349409764,"AsphaltRoads",3,"NA","NA","NA"
"./inst/extdata/fredi/gcm/AsphaltRoads_scaledimpacts.csv","Oregon","OR","CanESM2",1822.68219400422,"AsphaltRoads",4,"NA","NA","NA"
"./inst/extdata/fredi/gcm/AsphaltRoads_scaledimpacts.csv","Oregon","OR","CanESM2",1950.03928896907,"AsphaltRoads",5,"NA","NA","NA"
"./inst/extdata/fredi/gcm/AsphaltRoads_scaledimpacts.csv","Oregon","OR","CanESM2",2098.62256642806,"AsphaltRoads",6,"NA","NA","NA"
"./inst/extdata/fredi/gcm/AsphaltRoads_scaledimpacts.csv","Pennsylvania","PA","CCSM4",185.361148120842,"AsphaltRoads",1,"NA","NA","NA"
"./inst/extdata/fredi/gcm/AsphaltRoads_scaledimpacts.csv","Pennsylvania","PA","CCSM4",723.774436547591,"AsphaltRoads",2,"NA","NA","NA"
"./inst/extdata/fredi/gcm/AsphaltRoads_scaledimpacts.csv","Pennsylvania","PA","CCSM4",1272.90115372541,"AsphaltRoads",3,"NA","NA","NA"
"./inst/extdata/fredi/gcm/AsphaltRoads_scaledimpacts.csv","Pennsylvania","PA","CCSM4",1626.47728763492,"AsphaltRoads",4,"NA","NA","NA"
"./inst/extdata/fredi/gcm/AsphaltRoads_scaledimpacts.csv","Pennsylvania","PA","MIROC5",174.457551172557,"AsphaltRoads",1,"NA","NA","NA"
"./inst/extdata/fredi/gcm/AsphaltRoads_scaledimpacts.csv","Pennsylvania","PA","MIROC5",407.364988953932,"AsphaltRoads",2,"NA","NA","NA"
"./inst/extdata/fredi/gcm/AsphaltRoads_scaledimpacts.csv","Pennsylvania","PA","MIROC5",634.760050385863,"AsphaltRoads",3,"NA","NA","NA"
"./inst/extdata/fredi/gcm/AsphaltRoads_scaledimpacts.csv","Pennsylvania","PA","MIROC5",1010.70183848439,"AsphaltRoads",4,"NA","NA","NA"
"./inst/extdata/fredi/gcm/AsphaltRoads_scaledimpacts.csv","Pennsylvania","PA","MIROC5",1405.93377699687,"AsphaltRoads",5,"NA","NA","NA"
"./inst/extdata/fredi/gcm/AsphaltRoads_scaledimpacts.csv","Pennsylvania","PA","CanESM2",229.756800662608,"AsphaltRoads",1,"NA","NA","NA"
"./inst/extdata/fredi/gcm/AsphaltRoads_scaledimpacts.csv","Pennsylvania","PA","CanESM2",613.358901517278,"AsphaltRoads",2,"NA","NA","NA"
"./inst/extdata/fredi/gcm/AsphaltRoads_scaledimpacts.csv","Pennsylvania","PA","CanESM2",901.818839377395,"AsphaltRoads",3,"NA","NA","NA"
"./inst/extdata/fredi/gcm/AsphaltRoads_scaledimpacts.csv","Pennsylvania","PA","CanESM2",1324.10112567475,"AsphaltRoads",4,"NA","NA","NA"
"./inst/extdata/fredi/gcm/AsphaltRoads_scaledimpacts.csv","Pennsylvania","PA","CanESM2",1669.30230402992,"AsphaltRoads",5,"NA","NA","NA"
"./inst/extdata/fredi/gcm/AsphaltRoads_scaledimpacts.csv","Pennsylvania","PA","CanESM2",2072.03701211095,"AsphaltRoads",6,"NA","NA","NA"
"./inst/extdata/fredi/gcm/AsphaltRoads_scaledimpacts.csv","Rhode Island","RI","CCSM4",308.176130633187,"AsphaltRoads",1,"NA","NA","NA"
"./inst/extdata/fredi/gcm/AsphaltRoads_scaledimpacts.csv","Rhode Island","RI","CCSM4",543.840230529154,"AsphaltRoads",2,"NA","NA","NA"
"./inst/extdata/fredi/gcm/AsphaltRoads_scaledimpacts.csv","Rhode Island","RI","CCSM4",787.390110848373,"AsphaltRoads",3,"NA","NA","NA"
"./inst/extdata/fredi/gcm/AsphaltRoads_scaledimpacts.csv","Rhode Island","RI","CCSM4",1213.60240140701,"AsphaltRoads",4,"NA","NA","NA"
"./inst/extdata/fredi/gcm/AsphaltRoads_scaledimpacts.csv","Rhode Island","RI","MIROC5",290.048122948882,"AsphaltRoads",1,"NA","NA","NA"
"./inst/extdata/fredi/gcm/AsphaltRoads_scaledimpacts.csv","Rhode Island","RI","MIROC5",543.840230529154,"AsphaltRoads",2,"NA","NA","NA"
"./inst/extdata/fredi/gcm/AsphaltRoads_scaledimpacts.csv","Rhode Island","RI","MIROC5",543.840230529154,"AsphaltRoads",3,"NA","NA","NA"
"./inst/extdata/fredi/gcm/AsphaltRoads_scaledimpacts.csv","Rhode Island","RI","MIROC5",543.840230529154,"AsphaltRoads",4,"NA","NA","NA"
"./inst/extdata/fredi/gcm/AsphaltRoads_scaledimpacts.csv","Rhode Island","RI","MIROC5",543.840230529154,"AsphaltRoads",5,"NA","NA","NA"
"./inst/extdata/fredi/gcm/AsphaltRoads_scaledimpacts.csv","Rhode Island","RI","CanESM2",271.920115264577,"AsphaltRoads",1,"NA","NA","NA"
"./inst/extdata/fredi/gcm/AsphaltRoads_scaledimpacts.csv","Rhode Island","RI","CanESM2",543.840230529154,"AsphaltRoads",2,"NA","NA","NA"
"./inst/extdata/fredi/gcm/AsphaltRoads_scaledimpacts.csv","Rhode Island","RI","CanESM2",543.840230529154,"AsphaltRoads",3,"NA","NA","NA"
"./inst/extdata/fredi/gcm/AsphaltRoads_scaledimpacts.csv","Rhode Island","RI","CanESM2",1053.52909652609,"AsphaltRoads",4,"NA","NA","NA"
"./inst/extdata/fredi/gcm/AsphaltRoads_scaledimpacts.csv","Rhode Island","RI","CanESM2",1665.15573572242,"AsphaltRoads",5,"NA","NA","NA"
"./inst/extdata/fredi/gcm/AsphaltRoads_scaledimpacts.csv","Rhode Island","RI","CanESM2",2378.72014811814,"AsphaltRoads",6,"NA","NA","NA"
"./inst/extdata/fredi/gcm/AsphaltRoads_scaledimpacts.csv","South Carolina","SC","CCSM4",464.858289989781,"AsphaltRoads",1,"NA","NA","NA"
"./inst/extdata/fredi/gcm/AsphaltRoads_scaledimpacts.csv","South Carolina","SC","CCSM4",842.604679228398,"AsphaltRoads",2,"NA","NA","NA"
"./inst/extdata/fredi/gcm/AsphaltRoads_scaledimpacts.csv","South Carolina","SC","CCSM4",862.087884598439,"AsphaltRoads",3,"NA","NA","NA"
"./inst/extdata/fredi/gcm/AsphaltRoads_scaledimpacts.csv","South Carolina","SC","CCSM4",862.087884598439,"AsphaltRoads",4,"NA","NA","NA"
"./inst/extdata/fredi/gcm/AsphaltRoads_scaledimpacts.csv","South Carolina","SC","MIROC5",375.520500275728,"AsphaltRoads",1,"NA","NA","NA"
"./inst/extdata/fredi/gcm/AsphaltRoads_scaledimpacts.csv","South Carolina","SC","MIROC5",731.799285241082,"AsphaltRoads",2,"NA","NA","NA"
"./inst/extdata/fredi/gcm/AsphaltRoads_scaledimpacts.csv","South Carolina","SC","MIROC5",810.277935709345,"AsphaltRoads",3,"NA","NA","NA"
"./inst/extdata/fredi/gcm/AsphaltRoads_scaledimpacts.csv","South Carolina","SC","MIROC5",849.091077624448,"AsphaltRoads",4,"NA","NA","NA"
"./inst/extdata/fredi/gcm/AsphaltRoads_scaledimpacts.csv","South Carolina","SC","MIROC5",858.188842506242,"AsphaltRoads",5,"NA","NA","NA"
"./inst/extdata/fredi/gcm/AsphaltRoads_scaledimpacts.csv","South Carolina","SC","CanESM2",421.296337068727,"AsphaltRoads",1,"NA","NA","NA"
"./inst/extdata/fredi/gcm/AsphaltRoads_scaledimpacts.csv","South Carolina","SC","CanESM2",847.791396927049,"AsphaltRoads",2,"NA","NA","NA"
"./inst/extdata/fredi/gcm/AsphaltRoads_scaledimpacts.csv","South Carolina","SC","CanESM2",857.539002157542,"AsphaltRoads",3,"NA","NA","NA"
"./inst/extdata/fredi/gcm/AsphaltRoads_scaledimpacts.csv","South Carolina","SC","CanESM2",1160.53327684228,"AsphaltRoads",4,"NA","NA","NA"
"./inst/extdata/fredi/gcm/AsphaltRoads_scaledimpacts.csv","South Carolina","SC","CanESM2",1518.66774753489,"AsphaltRoads",5,"NA","NA","NA"
"./inst/extdata/fredi/gcm/AsphaltRoads_scaledimpacts.csv","South Carolina","SC","CanESM2",1936.49129667627,"AsphaltRoads",6,"NA","NA","NA"
"./inst/extdata/fredi/gcm/AsphaltRoads_scaledimpacts.csv","South Dakota","SD","CCSM4",655.121383236614,"AsphaltRoads",1,"NA","NA","NA"
"./inst/extdata/fredi/gcm/AsphaltRoads_scaledimpacts.csv","South Dakota","SD","CCSM4",1338.88226418114,"AsphaltRoads",2,"NA","NA","NA"
"./inst/extdata/fredi/gcm/AsphaltRoads_scaledimpacts.csv","South Dakota","SD","CCSM4",1669.0299781363,"AsphaltRoads",3,"NA","NA","NA"
"./inst/extdata/fredi/gcm/AsphaltRoads_scaledimpacts.csv","South Dakota","SD","CCSM4",1966.89786596764,"AsphaltRoads",4,"NA","NA","NA"
"./inst/extdata/fredi/gcm/AsphaltRoads_scaledimpacts.csv","South Dakota","SD","MIROC5",606.347556454772,"AsphaltRoads",1,"NA","NA","NA"
"./inst/extdata/fredi/gcm/AsphaltRoads_scaledimpacts.csv","South Dakota","SD","MIROC5",1204.92747034685,"AsphaltRoads",2,"NA","NA","NA"
"./inst/extdata/fredi/gcm/AsphaltRoads_scaledimpacts.csv","South Dakota","SD","MIROC5",1397.66724266361,"AsphaltRoads",3,"NA","NA","NA"
"./inst/extdata/fredi/gcm/AsphaltRoads_scaledimpacts.csv","South Dakota","SD","MIROC5",1638.23629378293,"AsphaltRoads",4,"NA","NA","NA"
"./inst/extdata/fredi/gcm/AsphaltRoads_scaledimpacts.csv","South Dakota","SD","MIROC5",1863.92415542621,"AsphaltRoads",5,"NA","NA","NA"
"./inst/extdata/fredi/gcm/AsphaltRoads_scaledimpacts.csv","South Dakota","SD","CanESM2",440.292237291461,"AsphaltRoads",1,"NA","NA","NA"
"./inst/extdata/fredi/gcm/AsphaltRoads_scaledimpacts.csv","South Dakota","SD","CanESM2",1016.16341641252,"AsphaltRoads",2,"NA","NA","NA"
"./inst/extdata/fredi/gcm/AsphaltRoads_scaledimpacts.csv","South Dakota","SD","CanESM2",1270.37393234303,"AsphaltRoads",3,"NA","NA","NA"
"./inst/extdata/fredi/gcm/AsphaltRoads_scaledimpacts.csv","South Dakota","SD","CanESM2",1576.46909501245,"AsphaltRoads",4,"NA","NA","NA"
"./inst/extdata/fredi/gcm/AsphaltRoads_scaledimpacts.csv","South Dakota","SD","CanESM2",1801.42540129469,"AsphaltRoads",5,"NA","NA","NA"
"./inst/extdata/fredi/gcm/AsphaltRoads_scaledimpacts.csv","South Dakota","SD","CanESM2",2063.87442529063,"AsphaltRoads",6,"NA","NA","NA"
"./inst/extdata/fredi/gcm/AsphaltRoads_scaledimpacts.csv","Tennessee","TN","CCSM4",866.791749289718,"AsphaltRoads",1,"NA","NA","NA"
"./inst/extdata/fredi/gcm/AsphaltRoads_scaledimpacts.csv","Tennessee","TN","CCSM4",1659.65907133306,"AsphaltRoads",2,"NA","NA","NA"
"./inst/extdata/fredi/gcm/AsphaltRoads_scaledimpacts.csv","Tennessee","TN","CCSM4",1792.72383112623,"AsphaltRoads",3,"NA","NA","NA"
"./inst/extdata/fredi/gcm/AsphaltRoads_scaledimpacts.csv","Tennessee","TN","CCSM4",1826.4839714912,"AsphaltRoads",4,"NA","NA","NA"
"./inst/extdata/fredi/gcm/AsphaltRoads_scaledimpacts.csv","Tennessee","TN","MIROC5",695.13615512727,"AsphaltRoads",1,"NA","NA","NA"
"./inst/extdata/fredi/gcm/AsphaltRoads_scaledimpacts.csv","Tennessee","TN","MIROC5",1391.70141921885,"AsphaltRoads",2,"NA","NA","NA"
"./inst/extdata/fredi/gcm/AsphaltRoads_scaledimpacts.csv","Tennessee","TN","MIROC5",1641.9446162253,"AsphaltRoads",3,"NA","NA","NA"
"./inst/extdata/fredi/gcm/AsphaltRoads_scaledimpacts.csv","Tennessee","TN","MIROC5",1815.93277434915,"AsphaltRoads",4,"NA","NA","NA"
"./inst/extdata/fredi/gcm/AsphaltRoads_scaledimpacts.csv","Tennessee","TN","MIROC5",1915.25835274235,"AsphaltRoads",5,"NA","NA","NA"
"./inst/extdata/fredi/gcm/AsphaltRoads_scaledimpacts.csv","Tennessee","TN","CanESM2",787.19724176476,"AsphaltRoads",1,"NA","NA","NA"
"./inst/extdata/fredi/gcm/AsphaltRoads_scaledimpacts.csv","Tennessee","TN","CanESM2",1626.56869306112,"AsphaltRoads",2,"NA","NA","NA"
"./inst/extdata/fredi/gcm/AsphaltRoads_scaledimpacts.csv","Tennessee","TN","CanESM2",1724.39533593286,"AsphaltRoads",3,"NA","NA","NA"
"./inst/extdata/fredi/gcm/AsphaltRoads_scaledimpacts.csv","Tennessee","TN","CanESM2",1847.9607779007,"AsphaltRoads",4,"NA","NA","NA"
"./inst/extdata/fredi/gcm/AsphaltRoads_scaledimpacts.csv","Tennessee","TN","CanESM2",1941.45638825394,"AsphaltRoads",5,"NA","NA","NA"
"./inst/extdata/fredi/gcm/AsphaltRoads_scaledimpacts.csv","Tennessee","TN","CanESM2",2050.53460033271,"AsphaltRoads",6,"NA","NA","NA"
"./inst/extdata/fredi/gcm/AsphaltRoads_scaledimpacts.csv","Texas","TX","CCSM4",144.657145606425,"AsphaltRoads",1,"NA","NA","NA"
"./inst/extdata/fredi/gcm/AsphaltRoads_scaledimpacts.csv","Texas","TX","CCSM4",552.774599663685,"AsphaltRoads",2,"NA","NA","NA"
"./inst/extdata/fredi/gcm/AsphaltRoads_scaledimpacts.csv","Texas","TX","CCSM4",1026.82325380713,"AsphaltRoads",3,"NA","NA","NA"
"./inst/extdata/fredi/gcm/AsphaltRoads_scaledimpacts.csv","Texas","TX","CCSM4",1400.8656826052,"AsphaltRoads",4,"NA","NA","NA"
"./inst/extdata/fredi/gcm/AsphaltRoads_scaledimpacts.csv","Texas","TX","MIROC5",259.469011729649,"AsphaltRoads",1,"NA","NA","NA"
"./inst/extdata/fredi/gcm/AsphaltRoads_scaledimpacts.csv","Texas","TX","MIROC5",570.173338537495,"AsphaltRoads",2,"NA","NA","NA"
"./inst/extdata/fredi/gcm/AsphaltRoads_scaledimpacts.csv","Texas","TX","MIROC5",807.235339579971,"AsphaltRoads",3,"NA","NA","NA"
"./inst/extdata/fredi/gcm/AsphaltRoads_scaledimpacts.csv","Texas","TX","MIROC5",1180.51536288181,"AsphaltRoads",4,"NA","NA","NA"
"./inst/extdata/fredi/gcm/AsphaltRoads_scaledimpacts.csv","Texas","TX","MIROC5",1566.4481243152,"AsphaltRoads",5,"NA","NA","NA"
"./inst/extdata/fredi/gcm/AsphaltRoads_scaledimpacts.csv","Texas","TX","CanESM2",239.548513705333,"AsphaltRoads",1,"NA","NA","NA"
"./inst/extdata/fredi/gcm/AsphaltRoads_scaledimpacts.csv","Texas","TX","CanESM2",739.527513081048,"AsphaltRoads",2,"NA","NA","NA"
"./inst/extdata/fredi/gcm/AsphaltRoads_scaledimpacts.csv","Texas","TX","CanESM2",1227.83467371301,"AsphaltRoads",3,"NA","NA","NA"
"./inst/extdata/fredi/gcm/AsphaltRoads_scaledimpacts.csv","Texas","TX","CanESM2",1570.69048499984,"AsphaltRoads",4,"NA","NA","NA"
"./inst/extdata/fredi/gcm/AsphaltRoads_scaledimpacts.csv","Texas","TX","CanESM2",1708.66544859012,"AsphaltRoads",5,"NA","NA","NA"
"./inst/extdata/fredi/gcm/AsphaltRoads_scaledimpacts.csv","Texas","TX","CanESM2",1869.63623944546,"AsphaltRoads",6,"NA","NA","NA"
"./inst/extdata/fredi/gcm/AsphaltRoads_scaledimpacts.csv","Utah","UT","CCSM4",538.003706779333,"AsphaltRoads",1,"NA","NA","NA"
"./inst/extdata/fredi/gcm/AsphaltRoads_scaledimpacts.csv","Utah","UT","CCSM4",1140.92783892447,"AsphaltRoads",2,"NA","NA","NA"
"./inst/extdata/fredi/gcm/AsphaltRoads_scaledimpacts.csv","Utah","UT","CCSM4",1414.7688783818,"AsphaltRoads",3,"NA","NA","NA"
"./inst/extdata/fredi/gcm/AsphaltRoads_scaledimpacts.csv","Utah","UT","CCSM4",1600.74172526583,"AsphaltRoads",4,"NA","NA","NA"
"./inst/extdata/fredi/gcm/AsphaltRoads_scaledimpacts.csv","Utah","UT","MIROC5",547.238191166632,"AsphaltRoads",1,"NA","NA","NA"
"./inst/extdata/fredi/gcm/AsphaltRoads_scaledimpacts.csv","Utah","UT","MIROC5",1065.82939566221,"AsphaltRoads",2,"NA","NA","NA"
"./inst/extdata/fredi/gcm/AsphaltRoads_scaledimpacts.csv","Utah","UT","MIROC5",1178.47645946573,"AsphaltRoads",3,"NA","NA","NA"
"./inst/extdata/fredi/gcm/AsphaltRoads_scaledimpacts.csv","Utah","UT","MIROC5",1421.69571589374,"AsphaltRoads",4,"NA","NA","NA"
"./inst/extdata/fredi/gcm/AsphaltRoads_scaledimpacts.csv","Utah","UT","MIROC5",1697.26495575916,"AsphaltRoads",5,"NA","NA","NA"
"./inst/extdata/fredi/gcm/AsphaltRoads_scaledimpacts.csv","Utah","UT","CanESM2",465.57850218535,"AsphaltRoads",1,"NA","NA","NA"
"./inst/extdata/fredi/gcm/AsphaltRoads_scaledimpacts.csv","Utah","UT","CanESM2",1064.99421041838,"AsphaltRoads",2,"NA","NA","NA"
"./inst/extdata/fredi/gcm/AsphaltRoads_scaledimpacts.csv","Utah","UT","CanESM2",1315.93897175779,"AsphaltRoads",3,"NA","NA","NA"
"./inst/extdata/fredi/gcm/AsphaltRoads_scaledimpacts.csv","Utah","UT","CanESM2",1630.91669918742,"AsphaltRoads",4,"NA","NA","NA"
"./inst/extdata/fredi/gcm/AsphaltRoads_scaledimpacts.csv","Utah","UT","CanESM2",1868.36090575291,"AsphaltRoads",5,"NA","NA","NA"
"./inst/extdata/fredi/gcm/AsphaltRoads_scaledimpacts.csv","Utah","UT","CanESM2",2145.37914674599,"AsphaltRoads",6,"NA","NA","NA"
"./inst/extdata/fredi/gcm/AsphaltRoads_scaledimpacts.csv","Virginia","VA","CCSM4",440.770608940297,"AsphaltRoads",1,"NA","NA","NA"
"./inst/extdata/fredi/gcm/AsphaltRoads_scaledimpacts.csv","Virginia","VA","CCSM4",1265.59470682069,"AsphaltRoads",2,"NA","NA","NA"
"./inst/extdata/fredi/gcm/AsphaltRoads_scaledimpacts.csv","Virginia","VA","CCSM4",1730.94763229642,"AsphaltRoads",3,"NA","NA","NA"
"./inst/extdata/fredi/gcm/AsphaltRoads_scaledimpacts.csv","Virginia","VA","CCSM4",1798.42628930652,"AsphaltRoads",4,"NA","NA","NA"
"./inst/extdata/fredi/gcm/AsphaltRoads_scaledimpacts.csv","Virginia","VA","MIROC5",148.758867173077,"AsphaltRoads",1,"NA","NA","NA"
"./inst/extdata/fredi/gcm/AsphaltRoads_scaledimpacts.csv","Virginia","VA","MIROC5",541.487959982777,"AsphaltRoads",2,"NA","NA","NA"
"./inst/extdata/fredi/gcm/AsphaltRoads_scaledimpacts.csv","Virginia","VA","MIROC5",1285.42236474367,"AsphaltRoads",3,"NA","NA","NA"
"./inst/extdata/fredi/gcm/AsphaltRoads_scaledimpacts.csv","Virginia","VA","MIROC5",1664.57331797048,"AsphaltRoads",4,"NA","NA","NA"
"./inst/extdata/fredi/gcm/AsphaltRoads_scaledimpacts.csv","Virginia","VA","MIROC5",1766.52834856701,"AsphaltRoads",5,"NA","NA","NA"
"./inst/extdata/fredi/gcm/AsphaltRoads_scaledimpacts.csv","Virginia","VA","CanESM2",695.07093385419,"AsphaltRoads",1,"NA","NA","NA"
"./inst/extdata/fredi/gcm/AsphaltRoads_scaledimpacts.csv","Virginia","VA","CanESM2",1470.74094291127,"AsphaltRoads",2,"NA","NA","NA"
"./inst/extdata/fredi/gcm/AsphaltRoads_scaledimpacts.csv","Virginia","VA","CanESM2",1621.86420891669,"AsphaltRoads",3,"NA","NA","NA"
"./inst/extdata/fredi/gcm/AsphaltRoads_scaledimpacts.csv","Virginia","VA","CanESM2",1766.91429428629,"AsphaltRoads",4,"NA","NA","NA"
"./inst/extdata/fredi/gcm/AsphaltRoads_scaledimpacts.csv","Virginia","VA","CanESM2",1856.34536776677,"AsphaltRoads",5,"NA","NA","NA"
"./inst/extdata/fredi/gcm/AsphaltRoads_scaledimpacts.csv","Virginia","VA","CanESM2",1960.68162016066,"AsphaltRoads",6,"NA","NA","NA"
"./inst/extdata/fredi/gcm/AsphaltRoads_scaledimpacts.csv","Vermont","VT","CCSM4",733.825810417477,"AsphaltRoads",1,"NA","NA","NA"
"./inst/extdata/fredi/gcm/AsphaltRoads_scaledimpacts.csv","Vermont","VT","CCSM4",1294.98672426614,"AsphaltRoads",2,"NA","NA","NA"
"./inst/extdata/fredi/gcm/AsphaltRoads_scaledimpacts.csv","Vermont","VT","CCSM4",1419.52865107047,"AsphaltRoads",3,"NA","NA","NA"
"./inst/extdata/fredi/gcm/AsphaltRoads_scaledimpacts.csv","Vermont","VT","CCSM4",1637.47702297804,"AsphaltRoads",4,"NA","NA","NA"
"./inst/extdata/fredi/gcm/AsphaltRoads_scaledimpacts.csv","Vermont","VT","MIROC5",690.659586275273,"AsphaltRoads",1,"NA","NA","NA"
"./inst/extdata/fredi/gcm/AsphaltRoads_scaledimpacts.csv","Vermont","VT","MIROC5",1294.98672426614,"AsphaltRoads",2,"NA","NA","NA"
"./inst/extdata/fredi/gcm/AsphaltRoads_scaledimpacts.csv","Vermont","VT","MIROC5",1294.98672426614,"AsphaltRoads",3,"NA","NA","NA"
"./inst/extdata/fredi/gcm/AsphaltRoads_scaledimpacts.csv","Vermont","VT","MIROC5",1294.98672426614,"AsphaltRoads",4,"NA","NA","NA"
"./inst/extdata/fredi/gcm/AsphaltRoads_scaledimpacts.csv","Vermont","VT","MIROC5",1294.98672426614,"AsphaltRoads",5,"NA","NA","NA"
"./inst/extdata/fredi/gcm/AsphaltRoads_scaledimpacts.csv","Vermont","VT","CanESM2",647.493362133068,"AsphaltRoads",1,"NA","NA","NA"
"./inst/extdata/fredi/gcm/AsphaltRoads_scaledimpacts.csv","Vermont","VT","CanESM2",1294.98672426614,"AsphaltRoads",2,"NA","NA","NA"
"./inst/extdata/fredi/gcm/AsphaltRoads_scaledimpacts.csv","Vermont","VT","CanESM2",1294.98672426614,"AsphaltRoads",3,"NA","NA","NA"
"./inst/extdata/fredi/gcm/AsphaltRoads_scaledimpacts.csv","Vermont","VT","CanESM2",1594.94723567307,"AsphaltRoads",4,"NA","NA","NA"
"./inst/extdata/fredi/gcm/AsphaltRoads_scaledimpacts.csv","Vermont","VT","CanESM2",1954.8998493614,"AsphaltRoads",5,"NA","NA","NA"
"./inst/extdata/fredi/gcm/AsphaltRoads_scaledimpacts.csv","Vermont","VT","CanESM2",2374.84456533111,"AsphaltRoads",6,"NA","NA","NA"
"./inst/extdata/fredi/gcm/AsphaltRoads_scaledimpacts.csv","Washington","WA","CCSM4",847.320494379027,"AsphaltRoads",1,"NA","NA","NA"
"./inst/extdata/fredi/gcm/AsphaltRoads_scaledimpacts.csv","Washington","WA","CCSM4",1576.78678472661,"AsphaltRoads",2,"NA","NA","NA"
"./inst/extdata/fredi/gcm/AsphaltRoads_scaledimpacts.csv","Washington","WA","CCSM4",1770.1060080359,"AsphaltRoads",3,"NA","NA","NA"
"./inst/extdata/fredi/gcm/AsphaltRoads_scaledimpacts.csv","Washington","WA","CCSM4",1983.59430886376,"AsphaltRoads",4,"NA","NA","NA"
"./inst/extdata/fredi/gcm/AsphaltRoads_scaledimpacts.csv","Washington","WA","MIROC5",600.90569363287,"AsphaltRoads",1,"NA","NA","NA"
"./inst/extdata/fredi/gcm/AsphaltRoads_scaledimpacts.csv","Washington","WA","MIROC5",1210.19370270631,"AsphaltRoads",2,"NA","NA","NA"
"./inst/extdata/fredi/gcm/AsphaltRoads_scaledimpacts.csv","Washington","WA","MIROC5",1446.76436294957,"AsphaltRoads",3,"NA","NA","NA"
"./inst/extdata/fredi/gcm/AsphaltRoads_scaledimpacts.csv","Washington","WA","MIROC5",1580.87804510865,"AsphaltRoads",4,"NA","NA","NA"
"./inst/extdata/fredi/gcm/AsphaltRoads_scaledimpacts.csv","Washington","WA","MIROC5",1632.26117246171,"AsphaltRoads",5,"NA","NA","NA"
"./inst/extdata/fredi/gcm/AsphaltRoads_scaledimpacts.csv","Washington","WA","CanESM2",644.056887440093,"AsphaltRoads",1,"NA","NA","NA"
"./inst/extdata/fredi/gcm/AsphaltRoads_scaledimpacts.csv","Washington","WA","CanESM2",1437.82737586593,"AsphaltRoads",2,"NA","NA","NA"
"./inst/extdata/fredi/gcm/AsphaltRoads_scaledimpacts.csv","Washington","WA","CanESM2",1718.5403777142,"AsphaltRoads",3,"NA","NA","NA"
"./inst/extdata/fredi/gcm/AsphaltRoads_scaledimpacts.csv","Washington","WA","CanESM2",2010.04694818975,"AsphaltRoads",4,"NA","NA","NA"
"./inst/extdata/fredi/gcm/AsphaltRoads_scaledimpacts.csv","Washington","WA","CanESM2",2202.65555172538,"AsphaltRoads",5,"NA","NA","NA"
"./inst/extdata/fredi/gcm/AsphaltRoads_scaledimpacts.csv","Washington","WA","CanESM2",2427.36558918362,"AsphaltRoads",6,"NA","NA","NA"
"./inst/extdata/fredi/gcm/AsphaltRoads_scaledimpacts.csv","Wisconsin","WI","CCSM4",263.690078578735,"AsphaltRoads",1,"NA","NA","NA"
"./inst/extdata/fredi/gcm/AsphaltRoads_scaledimpacts.csv","Wisconsin","WI","CCSM4",934.752688384221,"AsphaltRoads",2,"NA","NA","NA"
"./inst/extdata/fredi/gcm/AsphaltRoads_scaledimpacts.csv","Wisconsin","WI","CCSM4",1488.76783044098,"AsphaltRoads",3,"NA","NA","NA"
"./inst/extdata/fredi/gcm/AsphaltRoads_scaledimpacts.csv","Wisconsin","WI","CCSM4",1739.49915640555,"AsphaltRoads",4,"NA","NA","NA"
"./inst/extdata/fredi/gcm/AsphaltRoads_scaledimpacts.csv","Wisconsin","WI","MIROC5",248.178897485868,"AsphaltRoads",1,"NA","NA","NA"
"./inst/extdata/fredi/gcm/AsphaltRoads_scaledimpacts.csv","Wisconsin","WI","MIROC5",552.290760768709,"AsphaltRoads",2,"NA","NA","NA"
"./inst/extdata/fredi/gcm/AsphaltRoads_scaledimpacts.csv","Wisconsin","WI","MIROC5",798.664190053042,"AsphaltRoads",3,"NA","NA","NA"
"./inst/extdata/fredi/gcm/AsphaltRoads_scaledimpacts.csv","Wisconsin","WI","MIROC5",1196.71222902318,"AsphaltRoads",4,"NA","NA","NA"
"./inst/extdata/fredi/gcm/AsphaltRoads_scaledimpacts.csv","Wisconsin","WI","MIROC5",1611.95244787628,"AsphaltRoads",5,"NA","NA","NA"
"./inst/extdata/fredi/gcm/AsphaltRoads_scaledimpacts.csv","Wisconsin","WI","CanESM2",232.667716393002,"AsphaltRoads",1,"NA","NA","NA"
"./inst/extdata/fredi/gcm/AsphaltRoads_scaledimpacts.csv","Wisconsin","WI","CanESM2",498.210902939919,"AsphaltRoads",2,"NA","NA","NA"
"./inst/extdata/fredi/gcm/AsphaltRoads_scaledimpacts.csv","Wisconsin","WI","CanESM2",559.85240947851,"AsphaltRoads",3,"NA","NA","NA"
"./inst/extdata/fredi/gcm/AsphaltRoads_scaledimpacts.csv","Wisconsin","WI","CanESM2",1006.79280093635,"AsphaltRoads",4,"NA","NA","NA"
"./inst/extdata/fredi/gcm/AsphaltRoads_scaledimpacts.csv","Wisconsin","WI","CanESM2",1508.60202702414,"AsphaltRoads",5,"NA","NA","NA"
"./inst/extdata/fredi/gcm/AsphaltRoads_scaledimpacts.csv","Wisconsin","WI","CanESM2",2094.04612412657,"AsphaltRoads",6,"NA","NA","NA"
"./inst/extdata/fredi/gcm/AsphaltRoads_scaledimpacts.csv","West Virginia","WV","CCSM4",178.691151815569,"AsphaltRoads",1,"NA","NA","NA"
"./inst/extdata/fredi/gcm/AsphaltRoads_scaledimpacts.csv","West Virginia","WV","CCSM4",858.350780623453,"AsphaltRoads",2,"NA","NA","NA"
"./inst/extdata/fredi/gcm/AsphaltRoads_scaledimpacts.csv","West Virginia","WV","CCSM4",1441.57992740673,"AsphaltRoads",3,"NA","NA","NA"
"./inst/extdata/fredi/gcm/AsphaltRoads_scaledimpacts.csv","West Virginia","WV","CCSM4",1630.74158300826,"AsphaltRoads",4,"NA","NA","NA"
"./inst/extdata/fredi/gcm/AsphaltRoads_scaledimpacts.csv","West Virginia","WV","MIROC5",98.2156153443975,"AsphaltRoads",1,"NA","NA","NA"
"./inst/extdata/fredi/gcm/AsphaltRoads_scaledimpacts.csv","West Virginia","WV","MIROC5",276.62862286905,"AsphaltRoads",2,"NA","NA","NA"
"./inst/extdata/fredi/gcm/AsphaltRoads_scaledimpacts.csv","West Virginia","WV","MIROC5",538.639264480912,"AsphaltRoads",3,"NA","NA","NA"
"./inst/extdata/fredi/gcm/AsphaltRoads_scaledimpacts.csv","West Virginia","WV","MIROC5",927.804027900411,"AsphaltRoads",4,"NA","NA","NA"
"./inst/extdata/fredi/gcm/AsphaltRoads_scaledimpacts.csv","West Virginia","WV","MIROC5",1321.59326799381,"AsphaltRoads",5,"NA","NA","NA"
"./inst/extdata/fredi/gcm/AsphaltRoads_scaledimpacts.csv","West Virginia","WV","CanESM2",178.191607628458,"AsphaltRoads",1,"NA","NA","NA"
"./inst/extdata/fredi/gcm/AsphaltRoads_scaledimpacts.csv","West Virginia","WV","CanESM2",522.090332833326,"AsphaltRoads",2,"NA","NA","NA"
"./inst/extdata/fredi/gcm/AsphaltRoads_scaledimpacts.csv","West Virginia","WV","CanESM2",832.791178289096,"AsphaltRoads",3,"NA","NA","NA"
"./inst/extdata/fredi/gcm/AsphaltRoads_scaledimpacts.csv","West Virginia","WV","CanESM2",1244.84165468689,"AsphaltRoads",4,"NA","NA","NA"
"./inst/extdata/fredi/gcm/AsphaltRoads_scaledimpacts.csv","West Virginia","WV","CanESM2",1565.30975290901,"AsphaltRoads",5,"NA","NA","NA"
"./inst/extdata/fredi/gcm/AsphaltRoads_scaledimpacts.csv","West Virginia","WV","CanESM2",1939.18920083482,"AsphaltRoads",6,"NA","NA","NA"
"./inst/extdata/fredi/gcm/AsphaltRoads_scaledimpacts.csv","Wyoming","WY","CCSM4",600.890422349118,"AsphaltRoads",1,"NA","NA","NA"
"./inst/extdata/fredi/gcm/AsphaltRoads_scaledimpacts.csv","Wyoming","WY","CCSM4",1262.04744847658,"AsphaltRoads",2,"NA","NA","NA"
"./inst/extdata/fredi/gcm/AsphaltRoads_scaledimpacts.csv","Wyoming","WY","CCSM4",1550.99701805887,"AsphaltRoads",3,"NA","NA","NA"
"./inst/extdata/fredi/gcm/AsphaltRoads_scaledimpacts.csv","Wyoming","WY","CCSM4",1747.87824326943,"AsphaltRoads",4,"NA","NA","NA"
"./inst/extdata/fredi/gcm/AsphaltRoads_scaledimpacts.csv","Wyoming","WY","MIROC5",533.595753802095,"AsphaltRoads",1,"NA","NA","NA"
"./inst/extdata/fredi/gcm/AsphaltRoads_scaledimpacts.csv","Wyoming","WY","MIROC5",1071.20265582848,"AsphaltRoads",2,"NA","NA","NA"
"./inst/extdata/fredi/gcm/AsphaltRoads_scaledimpacts.csv","Wyoming","WY","MIROC5",1271.54940526889,"AsphaltRoads",3,"NA","NA","NA"
"./inst/extdata/fredi/gcm/AsphaltRoads_scaledimpacts.csv","Wyoming","WY","MIROC5",1507.1423149145,"AsphaltRoads",4,"NA","NA","NA"
"./inst/extdata/fredi/gcm/AsphaltRoads_scaledimpacts.csv","Wyoming","WY","MIROC5",1721.47837991741,"AsphaltRoads",5,"NA","NA","NA"
"./inst/extdata/fredi/gcm/AsphaltRoads_scaledimpacts.csv","Wyoming","WY","CanESM2",431.62678175891,"AsphaltRoads",1,"NA","NA","NA"
"./inst/extdata/fredi/gcm/AsphaltRoads_scaledimpacts.csv","Wyoming","WY","CanESM2",995.223092382285,"AsphaltRoads",2,"NA","NA","NA"
"./inst/extdata/fredi/gcm/AsphaltRoads_scaledimpacts.csv","Wyoming","WY","CanESM2",1242.66595900316,"AsphaltRoads",3,"NA","NA","NA"
"./inst/extdata/fredi/gcm/AsphaltRoads_scaledimpacts.csv","Wyoming","WY","CanESM2",1553.16679701346,"AsphaltRoads",4,"NA","NA","NA"
"./inst/extdata/fredi/gcm/AsphaltRoads_scaledimpacts.csv","Wyoming","WY","CanESM2",1787.19979731814,"AsphaltRoads",5,"NA","NA","NA"
"./inst/extdata/fredi/gcm/AsphaltRoads_scaledimpacts.csv","Wyoming","WY","CanESM2",2060.2382976736,"AsphaltRoads",6,"NA","NA","NA"
