"state","postal","sector","variant","impactType","model","modelUnitValue","impactYear","value"
"Connecticut","CT","Lyme",NA,NA,"CanESM2",1,NA,-0.000946764564839623
"Delaware","DE","Lyme",NA,NA,"CanESM2",1,NA,-0.000109417824796383
"District of Columbia","DC","Lyme",NA,NA,"CanESM2",1,NA,-0.000111326625400138
"Illinois","IL","Lyme",NA,NA,"CanESM2",1,NA,-2.44019098074316e-05
"Indiana","IN","Lyme",NA,NA,"CanESM2",1,NA,-4.88704506760827e-05
"Iowa","IA","Lyme",NA,NA,"CanESM2",1,NA,-9.3251227168784e-05
"Maine","ME","Lyme",NA,NA,"CanESM2",1,NA,0.00400711368892093
"Maryland","MD","Lyme",NA,NA,"CanESM2",1,NA,-0.000123744337304015
"Massachusetts","MA","Lyme",NA,NA,"CanESM2",1,NA,-0.000143352602633602
"Michigan","MI","Lyme",NA,NA,"CanESM2",1,NA,-0.000249151817009663
"Minnesota","MN","Lyme",NA,NA,"CanESM2",1,NA,-0.000113850804459877
"New Hampshire","NH","Lyme",NA,NA,"CanESM2",1,NA,-1.59062985161544e-05
"New Jersey","NJ","Lyme",NA,NA,"CanESM2",1,NA,-0.000243005159049375
"New York","NY","Lyme",NA,NA,"CanESM2",1,NA,-0.000209759540189463
"North Carolina","NC","Lyme",NA,NA,"CanESM2",1,NA,-3.60055724148328e-06
"Ohio","OH","Lyme",NA,NA,"CanESM2",1,NA,-6.45614164684667e-05
"Pennsylvania","PA","Lyme",NA,NA,"CanESM2",1,NA,-0.000340950386511999
"Rhode Island","RI","Lyme",NA,NA,"CanESM2",1,NA,-9.22501703971341e-05
"Vermont","VT","Lyme",NA,NA,"CanESM2",1,NA,-0.00165630446870237
"Virginia","VA","Lyme",NA,NA,"CanESM2",1,NA,-0.000107718863113777
"West Virginia","WV","Lyme",NA,NA,"CanESM2",1,NA,-0.000338971016009802
"Wisconsin","WI","Lyme",NA,NA,"CanESM2",1,NA,-0.000177821720476409
"Connecticut","CT","Lyme",NA,NA,"CanESM2",2,NA,0.000792233942066835
"Delaware","DE","Lyme",NA,NA,"CanESM2",2,NA,0.000211243068678935
"District of Columbia","DC","Lyme",NA,NA,"CanESM2",2,NA,6.82583142813766e-05
"Illinois","IL","Lyme",NA,NA,"CanESM2",2,NA,5.25531712282638e-06
"Indiana","IN","Lyme",NA,NA,"CanESM2",2,NA,1.26572149087897e-06
"Iowa","IA","Lyme",NA,NA,"CanESM2",2,NA,-6.33658131602296e-05
"Maine","ME","Lyme",NA,NA,"CanESM2",2,NA,0.000769717883337877
"Maryland","MD","Lyme",NA,NA,"CanESM2",2,NA,0.00021338877367164
"Massachusetts","MA","Lyme",NA,NA,"CanESM2",2,NA,-5.49250343101715e-06
"Michigan","MI","Lyme",NA,NA,"CanESM2",2,NA,-0.000203766558635329
"Minnesota","MN","Lyme",NA,NA,"CanESM2",2,NA,0.00120607631136034
"New Hampshire","NH","Lyme",NA,NA,"CanESM2",2,NA,3.96715943706167e-05
"New Jersey","NJ","Lyme",NA,NA,"CanESM2",2,NA,0.000828748572067155
"New York","NY","Lyme",NA,NA,"CanESM2",2,NA,0.000683322760043243
"North Carolina","NC","Lyme",NA,NA,"CanESM2",2,NA,-8.59827927184978e-05
"Ohio","OH","Lyme",NA,NA,"CanESM2",2,NA,-5.05967200480324e-05
"Pennsylvania","PA","Lyme",NA,NA,"CanESM2",2,NA,0.000450321966673585
"Rhode Island","RI","Lyme",NA,NA,"CanESM2",2,NA,1.30836064285837e-05
"Vermont","VT","Lyme",NA,NA,"CanESM2",2,NA,-0.000848235087723262
"Virginia","VA","Lyme",NA,NA,"CanESM2",2,NA,0.000141582023357378
"West Virginia","WV","Lyme",NA,NA,"CanESM2",2,NA,-0.000248940952362049
"Wisconsin","WI","Lyme",NA,NA,"CanESM2",2,NA,1.63875558035279e-05
"Connecticut","CT","Lyme",NA,NA,"CanESM2",3,NA,5.35756689352503e-05
"Delaware","DE","Lyme",NA,NA,"CanESM2",3,NA,-2.70997888959685e-05
"District of Columbia","DC","Lyme",NA,NA,"CanESM2",3,NA,0.000407491599720858
"Illinois","IL","Lyme",NA,NA,"CanESM2",3,NA,4.5074825535866e-06
"Indiana","IN","Lyme",NA,NA,"CanESM2",3,NA,-1.35066756503694e-05
"Iowa","IA","Lyme",NA,NA,"CanESM2",3,NA,-1.79003900255445e-05
"Maine","ME","Lyme",NA,NA,"CanESM2",3,NA,0.0218234393126447
"Maryland","MD","Lyme",NA,NA,"CanESM2",3,NA,6.20181571167381e-05
"Massachusetts","MA","Lyme",NA,NA,"CanESM2",3,NA,0.000820730304580587
"Michigan","MI","Lyme",NA,NA,"CanESM2",3,NA,-0.00019395035165205
"Minnesota","MN","Lyme",NA,NA,"CanESM2",3,NA,0.00253477979476736
"New Hampshire","NH","Lyme",NA,NA,"CanESM2",3,NA,0.0246646321841241
"New Jersey","NJ","Lyme",NA,NA,"CanESM2",3,NA,0.000361243398218769
"New York","NY","Lyme",NA,NA,"CanESM2",3,NA,0.00130882213574614
"North Carolina","NC","Lyme",NA,NA,"CanESM2",3,NA,-9.99924587005076e-05
"Ohio","OH","Lyme",NA,NA,"CanESM2",3,NA,-3.64855554143081e-05
"Pennsylvania","PA","Lyme",NA,NA,"CanESM2",3,NA,0.000382033083924403
"Rhode Island","RI","Lyme",NA,NA,"CanESM2",3,NA,-0.000259581667887663
"Vermont","VT","Lyme",NA,NA,"CanESM2",3,NA,0.0269958642788784
"Virginia","VA","Lyme",NA,NA,"CanESM2",3,NA,6.14860564237253e-05
"West Virginia","WV","Lyme",NA,NA,"CanESM2",3,NA,-0.000206757210286186
"Wisconsin","WI","Lyme",NA,NA,"CanESM2",3,NA,0.000952102428523708
"Connecticut","CT","Lyme",NA,NA,"CanESM2",4,NA,-0.000602835113335848
"Delaware","DE","Lyme",NA,NA,"CanESM2",4,NA,-0.00011562976132214
"District of Columbia","DC","Lyme",NA,NA,"CanESM2",4,NA,-8.75942640407191e-05
"Illinois","IL","Lyme",NA,NA,"CanESM2",4,NA,-2.07907242770622e-05
"Indiana","IN","Lyme",NA,NA,"CanESM2",4,NA,-4.84747707004851e-05
"Iowa","IA","Lyme",NA,NA,"CanESM2",4,NA,-7.60147126929167e-05
"Maine","ME","Lyme",NA,NA,"CanESM2",4,NA,0.00754399747762768
"Maryland","MD","Lyme",NA,NA,"CanESM2",4,NA,-0.000144922768580974
"Massachusetts","MA","Lyme",NA,NA,"CanESM2",4,NA,-1.32767554645337e-05
"Michigan","MI","Lyme",NA,NA,"CanESM2",4,NA,-0.000217085936238625
"Minnesota","MN","Lyme",NA,NA,"CanESM2",4,NA,0.000346148429957377
"New Hampshire","NH","Lyme",NA,NA,"CanESM2",4,NA,0.000153850476039513
"New Jersey","NJ","Lyme",NA,NA,"CanESM2",4,NA,-0.000119482761665024
"New York","NY","Lyme",NA,NA,"CanESM2",4,NA,-4.20071500288143e-06
"North Carolina","NC","Lyme",NA,NA,"CanESM2",4,NA,-0.000129969452581301
"Ohio","OH","Lyme",NA,NA,"CanESM2",4,NA,-6.67321319741796e-05
"Pennsylvania","PA","Lyme",NA,NA,"CanESM2",4,NA,-0.000317749929521487
"Rhode Island","RI","Lyme",NA,NA,"CanESM2",4,NA,-0.000330024797442037
"Vermont","VT","Lyme",NA,NA,"CanESM2",4,NA,-0.000296847791435338
"Virginia","VA","Lyme",NA,NA,"CanESM2",4,NA,-0.00011946934118603
"West Virginia","WV","Lyme",NA,NA,"CanESM2",4,NA,-0.000283023626144059
"Wisconsin","WI","Lyme",NA,NA,"CanESM2",4,NA,-0.000109946614128812
"Connecticut","CT","Lyme",NA,NA,"CanESM2",5,NA,-0.000322627836253659
"Delaware","DE","Lyme",NA,NA,"CanESM2",5,NA,0.000499409217205383
"District of Columbia","DC","Lyme",NA,NA,"CanESM2",5,NA,0.000280155214081723
"Illinois","IL","Lyme",NA,NA,"CanESM2",5,NA,-4.38150692600188e-08
"Indiana","IN","Lyme",NA,NA,"CanESM2",5,NA,-2.92820849649658e-05
"Iowa","IA","Lyme",NA,NA,"CanESM2",5,NA,-6.07736057340538e-05
"Maine","ME","Lyme",NA,NA,"CanESM2",5,NA,0.00840639825590094
"Maryland","MD","Lyme",NA,NA,"CanESM2",5,NA,4.00664759863215e-05
"Massachusetts","MA","Lyme",NA,NA,"CanESM2",5,NA,0.00108923018880135
"Michigan","MI","Lyme",NA,NA,"CanESM2",5,NA,-0.00017494579966246
"Minnesota","MN","Lyme",NA,NA,"CanESM2",5,NA,0.000307619457284636
"New Hampshire","NH","Lyme",NA,NA,"CanESM2",5,NA,0.00192019535295626
"New Jersey","NJ","Lyme",NA,NA,"CanESM2",5,NA,0.000577439273737796
"New York","NY","Lyme",NA,NA,"CanESM2",5,NA,0.000545662025155346
"North Carolina","NC","Lyme",NA,NA,"CanESM2",5,NA,-0.000102722013966225
"Ohio","OH","Lyme",NA,NA,"CanESM2",5,NA,-5.04901240562469e-05
"Pennsylvania","PA","Lyme",NA,NA,"CanESM2",5,NA,0.00159037860553495
"Rhode Island","RI","Lyme",NA,NA,"CanESM2",5,NA,0.000153401898552375
"Vermont","VT","Lyme",NA,NA,"CanESM2",5,NA,0.00514707105852654
"Virginia","VA","Lyme",NA,NA,"CanESM2",5,NA,9.77711274976862e-05
"West Virginia","WV","Lyme",NA,NA,"CanESM2",5,NA,-0.00025451956982428
"Wisconsin","WI","Lyme",NA,NA,"CanESM2",5,NA,-1.2502572887472e-05
"Connecticut","CT","Lyme",NA,NA,"CanESM2",6,NA,-0.000921898185111073
"Delaware","DE","Lyme",NA,NA,"CanESM2",6,NA,-4.07232659580998e-05
"District of Columbia","DC","Lyme",NA,NA,"CanESM2",6,NA,-7.7253006578681e-05
"Illinois","IL","Lyme",NA,NA,"CanESM2",6,NA,-1.98105885480261e-05
"Indiana","IN","Lyme",NA,NA,"CanESM2",6,NA,-4.48871484039354e-05
"Iowa","IA","Lyme",NA,NA,"CanESM2",6,NA,-8.14290332965941e-05
"Maine","ME","Lyme",NA,NA,"CanESM2",6,NA,-0.000304102763190567
"Maryland","MD","Lyme",NA,NA,"CanESM2",6,NA,-9.64105849832058e-05
"Massachusetts","MA","Lyme",NA,NA,"CanESM2",6,NA,-0.000177628441559385
"Michigan","MI","Lyme",NA,NA,"CanESM2",6,NA,-0.000230722233221422
"Minnesota","MN","Lyme",NA,NA,"CanESM2",6,NA,0.000184567757211459
"New Hampshire","NH","Lyme",NA,NA,"CanESM2",6,NA,-0.00122235964858043
"New Jersey","NJ","Lyme",NA,NA,"CanESM2",6,NA,-2.39055389386325e-05
"New York","NY","Lyme",NA,NA,"CanESM2",6,NA,4.99636869724315e-06
"North Carolina","NC","Lyme",NA,NA,"CanESM2",6,NA,-0.000122249232863497
"Ohio","OH","Lyme",NA,NA,"CanESM2",6,NA,-6.52064110827646e-05
"Pennsylvania","PA","Lyme",NA,NA,"CanESM2",6,NA,0.000453473165169053
"Rhode Island","RI","Lyme",NA,NA,"CanESM2",6,NA,-0.00041393039726171
"Vermont","VT","Lyme",NA,NA,"CanESM2",6,NA,-0.00215008479989303
"Virginia","VA","Lyme",NA,NA,"CanESM2",6,NA,-0.000110354762069804
"West Virginia","WV","Lyme",NA,NA,"CanESM2",6,NA,-0.000262318009047762
"Wisconsin","WI","Lyme",NA,NA,"CanESM2",6,NA,-0.000194026166408707
"Connecticut","CT","Lyme",NA,NA,"CCSM4",1,NA,0.000305481480388669
"Delaware","DE","Lyme",NA,NA,"CCSM4",1,NA,2.15685735474666e-05
"District of Columbia","DC","Lyme",NA,NA,"CCSM4",1,NA,6.7980826960947e-05
"Illinois","IL","Lyme",NA,NA,"CCSM4",1,NA,0.00010126017010949
"Indiana","IN","Lyme",NA,NA,"CCSM4",1,NA,0.000105979755529335
"Iowa","IA","Lyme",NA,NA,"CCSM4",1,NA,9.28163569771142e-05
"Maine","ME","Lyme",NA,NA,"CCSM4",1,NA,0.000331660061171125
"Maryland","MD","Lyme",NA,NA,"CCSM4",1,NA,3.54585274088567e-05
"Massachusetts","MA","Lyme",NA,NA,"CCSM4",1,NA,4.17999779611256e-05
"Michigan","MI","Lyme",NA,NA,"CCSM4",1,NA,0.00021793703039496
"Minnesota","MN","Lyme",NA,NA,"CCSM4",1,NA,-1.47370342192133e-05
"New Hampshire","NH","Lyme",NA,NA,"CCSM4",1,NA,0.000990426271538555
"New Jersey","NJ","Lyme",NA,NA,"CCSM4",1,NA,-1.15927563921843e-05
"New York","NY","Lyme",NA,NA,"CCSM4",1,NA,0.000126663181843594
"North Carolina","NC","Lyme",NA,NA,"CCSM4",1,NA,-0.000106574518260703
"Ohio","OH","Lyme",NA,NA,"CCSM4",1,NA,7.83684231923385e-05
"Pennsylvania","PA","Lyme",NA,NA,"CCSM4",1,NA,0.000507826455632219
"Rhode Island","RI","Lyme",NA,NA,"CCSM4",1,NA,0.000943650543355324
"Vermont","VT","Lyme",NA,NA,"CCSM4",1,NA,0.00216980767515632
"Virginia","VA","Lyme",NA,NA,"CCSM4",1,NA,-8.22686978159811e-05
"West Virginia","WV","Lyme",NA,NA,"CCSM4",1,NA,-0.000126045992131975
"Wisconsin","WI","Lyme",NA,NA,"CCSM4",1,NA,-3.67699284380228e-05
"Connecticut","CT","Lyme",NA,NA,"CCSM4",2,NA,-0.000241996649693586
"Delaware","DE","Lyme",NA,NA,"CCSM4",2,NA,-8.67680386935413e-05
"District of Columbia","DC","Lyme",NA,NA,"CCSM4",2,NA,-8.18053594078982e-06
"Illinois","IL","Lyme",NA,NA,"CCSM4",2,NA,0.000445399700144348
"Indiana","IN","Lyme",NA,NA,"CCSM4",2,NA,0.000196810965038619
"Iowa","IA","Lyme",NA,NA,"CCSM4",2,NA,0.00591065858264461
"Maine","ME","Lyme",NA,NA,"CCSM4",2,NA,-0.00115535579060885
"Maryland","MD","Lyme",NA,NA,"CCSM4",2,NA,-1.65499033440734e-05
"Massachusetts","MA","Lyme",NA,NA,"CCSM4",2,NA,4.69638755781746e-05
"Michigan","MI","Lyme",NA,NA,"CCSM4",2,NA,0.00047773321496069
"Minnesota","MN","Lyme",NA,NA,"CCSM4",2,NA,0.0138199388693931
"New Hampshire","NH","Lyme",NA,NA,"CCSM4",2,NA,-0.000812372070579463
"New Jersey","NJ","Lyme",NA,NA,"CCSM4",2,NA,-0.000116370764921885
"New York","NY","Lyme",NA,NA,"CCSM4",2,NA,-4.21324890951725e-06
"North Carolina","NC","Lyme",NA,NA,"CCSM4",2,NA,-0.000127371862455547
"Ohio","OH","Lyme",NA,NA,"CCSM4",2,NA,-1.61715190744989e-05
"Pennsylvania","PA","Lyme",NA,NA,"CCSM4",2,NA,0.000379793729802564
"Rhode Island","RI","Lyme",NA,NA,"CCSM4",2,NA,0.000897406844190679
"Vermont","VT","Lyme",NA,NA,"CCSM4",2,NA,-0.000670760076615427
"Virginia","VA","Lyme",NA,NA,"CCSM4",2,NA,-0.000104143120737668
"West Virginia","WV","Lyme",NA,NA,"CCSM4",2,NA,-0.00018552233943941
"Wisconsin","WI","Lyme",NA,NA,"CCSM4",2,NA,0.00284201778273853
"Connecticut","CT","Lyme",NA,NA,"CCSM4",3,NA,8.80823842981836e-05
"Delaware","DE","Lyme",NA,NA,"CCSM4",3,NA,5.61925414228729e-05
"District of Columbia","DC","Lyme",NA,NA,"CCSM4",3,NA,0.000739971062661145
"Illinois","IL","Lyme",NA,NA,"CCSM4",3,NA,9.76599941448137e-07
"Indiana","IN","Lyme",NA,NA,"CCSM4",3,NA,-2.25653249039927e-05
"Iowa","IA","Lyme",NA,NA,"CCSM4",3,NA,3.02447905322941e-05
"Maine","ME","Lyme",NA,NA,"CCSM4",3,NA,-0.000714905908544453
"Maryland","MD","Lyme",NA,NA,"CCSM4",3,NA,0.000125915550927409
"Massachusetts","MA","Lyme",NA,NA,"CCSM4",3,NA,2.44594320794217e-05
"Michigan","MI","Lyme",NA,NA,"CCSM4",3,NA,-0.000212655745790414
"Minnesota","MN","Lyme",NA,NA,"CCSM4",3,NA,-1.38124409718341e-05
"New Hampshire","NH","Lyme",NA,NA,"CCSM4",3,NA,-0.000729526332794452
"New Jersey","NJ","Lyme",NA,NA,"CCSM4",3,NA,0.000332765374788691
"New York","NY","Lyme",NA,NA,"CCSM4",3,NA,0.000272099218498121
"North Carolina","NC","Lyme",NA,NA,"CCSM4",3,NA,-0.000113842691250876
"Ohio","OH","Lyme",NA,NA,"CCSM4",3,NA,-6.11362137196429e-05
"Pennsylvania","PA","Lyme",NA,NA,"CCSM4",3,NA,-4.20282960589338e-05
"Rhode Island","RI","Lyme",NA,NA,"CCSM4",3,NA,-0.000220124585022059
"Vermont","VT","Lyme",NA,NA,"CCSM4",3,NA,-0.00116148087520779
"Virginia","VA","Lyme",NA,NA,"CCSM4",3,NA,0.000142371296387894
"West Virginia","WV","Lyme",NA,NA,"CCSM4",3,NA,-0.000263319336064439
"Wisconsin","WI","Lyme",NA,NA,"CCSM4",3,NA,-5.97179513736266e-05
"Connecticut","CT","Lyme",NA,NA,"CCSM4",4,NA,0.00885436128720786
"Delaware","DE","Lyme",NA,NA,"CCSM4",4,NA,-2.16286723023138e-05
"District of Columbia","DC","Lyme",NA,NA,"CCSM4",4,NA,-1.63201939493296e-05
"Illinois","IL","Lyme",NA,NA,"CCSM4",4,NA,8.57303042871999e-05
"Indiana","IN","Lyme",NA,NA,"CCSM4",4,NA,4.39096818627881e-05
"Iowa","IA","Lyme",NA,NA,"CCSM4",4,NA,0.00108198192728219
"Maine","ME","Lyme",NA,NA,"CCSM4",4,NA,0.0158079703024728
"Maryland","MD","Lyme",NA,NA,"CCSM4",4,NA,-3.30720969440856e-05
"Massachusetts","MA","Lyme",NA,NA,"CCSM4",4,NA,0.00442543346550248
"Michigan","MI","Lyme",NA,NA,"CCSM4",4,NA,-6.18635136878957e-05
"Minnesota","MN","Lyme",NA,NA,"CCSM4",4,NA,0.00255107324929128
"New Hampshire","NH","Lyme",NA,NA,"CCSM4",4,NA,0.0170226816199508
"New Jersey","NJ","Lyme",NA,NA,"CCSM4",4,NA,9.53438446859857e-05
"New York","NY","Lyme",NA,NA,"CCSM4",4,NA,0.000840866027441621
"North Carolina","NC","Lyme",NA,NA,"CCSM4",4,NA,-0.00011159473196654
"Ohio","OH","Lyme",NA,NA,"CCSM4",4,NA,6.89281887029349e-07
"Pennsylvania","PA","Lyme",NA,NA,"CCSM4",4,NA,0.000171573835324107
"Rhode Island","RI","Lyme",NA,NA,"CCSM4",4,NA,0.00372530522791507
"Vermont","VT","Lyme",NA,NA,"CCSM4",4,NA,0.013375739208285
"Virginia","VA","Lyme",NA,NA,"CCSM4",4,NA,-4.02822273103268e-05
"West Virginia","WV","Lyme",NA,NA,"CCSM4",4,NA,-0.000230777664804779
"Wisconsin","WI","Lyme",NA,NA,"CCSM4",4,NA,0.00106400510364509
"Connecticut","CT","Lyme",NA,NA,"CCSM4",5,NA,-0.000598849502264839
"Delaware","DE","Lyme",NA,NA,"CCSM4",5,NA,-0.000120018825406765
"District of Columbia","DC","Lyme",NA,NA,"CCSM4",5,NA,-0.000100369425335886
"Illinois","IL","Lyme",NA,NA,"CCSM4",5,NA,1.25287397849864e-06
"Indiana","IN","Lyme",NA,NA,"CCSM4",5,NA,-2.74198401953073e-05
"Iowa","IA","Lyme",NA,NA,"CCSM4",5,NA,0.0011604613565695
"Maine","ME","Lyme",NA,NA,"CCSM4",5,NA,0.00252299438538134
"Maryland","MD","Lyme",NA,NA,"CCSM4",5,NA,-0.000142414345630275
"Massachusetts","MA","Lyme",NA,NA,"CCSM4",5,NA,0.000539260872808634
"Michigan","MI","Lyme",NA,NA,"CCSM4",5,NA,-0.000177534734973736
"Minnesota","MN","Lyme",NA,NA,"CCSM4",5,NA,0.00387757388670189
"New Hampshire","NH","Lyme",NA,NA,"CCSM4",5,NA,0.00234197238185419
"New Jersey","NJ","Lyme",NA,NA,"CCSM4",5,NA,-0.000135860137180285
"New York","NY","Lyme",NA,NA,"CCSM4",5,NA,-7.03079835011583e-06
"North Carolina","NC","Lyme",NA,NA,"CCSM4",5,NA,-0.000104368405910461
"Ohio","OH","Lyme",NA,NA,"CCSM4",5,NA,-6.12453799894765e-05
"Pennsylvania","PA","Lyme",NA,NA,"CCSM4",5,NA,-0.00033353375619905
"Rhode Island","RI","Lyme",NA,NA,"CCSM4",5,NA,8.90775274677388e-05
"Vermont","VT","Lyme",NA,NA,"CCSM4",5,NA,-0.000251686074423651
"Virginia","VA","Lyme",NA,NA,"CCSM4",5,NA,-0.000118783362042171
"West Virginia","WV","Lyme",NA,NA,"CCSM4",5,NA,-0.000263920934403403
"Wisconsin","WI","Lyme",NA,NA,"CCSM4",5,NA,0.00011417128344758
"Connecticut","CT","Lyme",NA,NA,"GFDL-CM3",1,NA,0.00330164165132558
"Delaware","DE","Lyme",NA,NA,"GFDL-CM3",1,NA,0.00021434625342935
"District of Columbia","DC","Lyme",NA,NA,"GFDL-CM3",1,NA,-2.11569127445327e-06
"Illinois","IL","Lyme",NA,NA,"GFDL-CM3",1,NA,-1.37111684757243e-05
"Indiana","IN","Lyme",NA,NA,"GFDL-CM3",1,NA,-2.48667172413808e-05
"Iowa","IA","Lyme",NA,NA,"GFDL-CM3",1,NA,-4.90306109108011e-05
"Maine","ME","Lyme",NA,NA,"GFDL-CM3",1,NA,-0.000635509186628881
"Maryland","MD","Lyme",NA,NA,"GFDL-CM3",1,NA,-2.939009444936e-05
"Massachusetts","MA","Lyme",NA,NA,"GFDL-CM3",1,NA,0.00033914577825086
"Michigan","MI","Lyme",NA,NA,"GFDL-CM3",1,NA,-0.000229950858281006
"Minnesota","MN","Lyme",NA,NA,"GFDL-CM3",1,NA,-0.000150738851687924
"New Hampshire","NH","Lyme",NA,NA,"GFDL-CM3",1,NA,0.000278043888490883
"New Jersey","NJ","Lyme",NA,NA,"GFDL-CM3",1,NA,0.000850718267481751
"New York","NY","Lyme",NA,NA,"GFDL-CM3",1,NA,0.00096909631798343
"North Carolina","NC","Lyme",NA,NA,"GFDL-CM3",1,NA,0.000227972559373365
"Ohio","OH","Lyme",NA,NA,"GFDL-CM3",1,NA,-5.2520436348423e-05
"Pennsylvania","PA","Lyme",NA,NA,"GFDL-CM3",1,NA,0.00060987526154538
"Rhode Island","RI","Lyme",NA,NA,"GFDL-CM3",1,NA,-0.000252468830437778
"Vermont","VT","Lyme",NA,NA,"GFDL-CM3",1,NA,0.000200382004746227
"Virginia","VA","Lyme",NA,NA,"GFDL-CM3",1,NA,0.000141959562675637
"West Virginia","WV","Lyme",NA,NA,"GFDL-CM3",1,NA,-0.000293840441832854
"Wisconsin","WI","Lyme",NA,NA,"GFDL-CM3",1,NA,-0.000222994709268085
"Connecticut","CT","Lyme",NA,NA,"GFDL-CM3",2,NA,-0.00105049602780304
"Delaware","DE","Lyme",NA,NA,"GFDL-CM3",2,NA,-0.000124633127059924
"District of Columbia","DC","Lyme",NA,NA,"GFDL-CM3",2,NA,-0.00010514001697357
"Illinois","IL","Lyme",NA,NA,"GFDL-CM3",2,NA,-9.16949082974943e-07
"Indiana","IN","Lyme",NA,NA,"GFDL-CM3",2,NA,-3.59993419790766e-05
"Iowa","IA","Lyme",NA,NA,"GFDL-CM3",2,NA,-3.97575785473746e-05
"Maine","ME","Lyme",NA,NA,"GFDL-CM3",2,NA,-0.00112212010232442
"Maryland","MD","Lyme",NA,NA,"GFDL-CM3",2,NA,-0.000156039206932257
"Massachusetts","MA","Lyme",NA,NA,"GFDL-CM3",2,NA,-0.00029202057560381
"Michigan","MI","Lyme",NA,NA,"GFDL-CM3",2,NA,0.000537152182618718
"Minnesota","MN","Lyme",NA,NA,"GFDL-CM3",2,NA,8.91148527345234e-06
"New Hampshire","NH","Lyme",NA,NA,"GFDL-CM3",2,NA,-0.00124109981012296
"New Jersey","NJ","Lyme",NA,NA,"GFDL-CM3",2,NA,-0.000195545481400949
"New York","NY","Lyme",NA,NA,"GFDL-CM3",2,NA,-0.000179755667594062
"North Carolina","NC","Lyme",NA,NA,"GFDL-CM3",2,NA,-0.00013767707771654
"Ohio","OH","Lyme",NA,NA,"GFDL-CM3",2,NA,-6.37756587262448e-05
"Pennsylvania","PA","Lyme",NA,NA,"GFDL-CM3",2,NA,-0.00032942470140704
"Rhode Island","RI","Lyme",NA,NA,"GFDL-CM3",2,NA,-0.00049205178462724
"Vermont","VT","Lyme",NA,NA,"GFDL-CM3",2,NA,-0.00206366678629889
"Virginia","VA","Lyme",NA,NA,"GFDL-CM3",2,NA,-0.000128994702410846
"West Virginia","WV","Lyme",NA,NA,"GFDL-CM3",2,NA,-0.00027221369772609
"Wisconsin","WI","Lyme",NA,NA,"GFDL-CM3",2,NA,-0.000137804005287444
"Connecticut","CT","Lyme",NA,NA,"GFDL-CM3",3,NA,0.000115076119965664
"Delaware","DE","Lyme",NA,NA,"GFDL-CM3",3,NA,-8.72281231969211e-05
"District of Columbia","DC","Lyme",NA,NA,"GFDL-CM3",3,NA,0.000235457252625884
"Illinois","IL","Lyme",NA,NA,"GFDL-CM3",3,NA,4.64749288981241e-05
"Indiana","IN","Lyme",NA,NA,"GFDL-CM3",3,NA,0.000112986243009759
"Iowa","IA","Lyme",NA,NA,"GFDL-CM3",3,NA,-2.41457522208886e-05
"Maine","ME","Lyme",NA,NA,"GFDL-CM3",3,NA,-0.000439517279032455
"Maryland","MD","Lyme",NA,NA,"GFDL-CM3",3,NA,-2.25560723619739e-05
"Massachusetts","MA","Lyme",NA,NA,"GFDL-CM3",3,NA,1.71287508910706e-05
"Michigan","MI","Lyme",NA,NA,"GFDL-CM3",3,NA,0.00294294055239354
"Minnesota","MN","Lyme",NA,NA,"GFDL-CM3",3,NA,0.000405708354566183
"New Hampshire","NH","Lyme",NA,NA,"GFDL-CM3",3,NA,-0.000767821623783301
"New Jersey","NJ","Lyme",NA,NA,"GFDL-CM3",3,NA,-8.18275421911424e-05
"New York","NY","Lyme",NA,NA,"GFDL-CM3",3,NA,-3.0640953278757e-05
"North Carolina","NC","Lyme",NA,NA,"GFDL-CM3",3,NA,0.000190237962303372
"Ohio","OH","Lyme",NA,NA,"GFDL-CM3",3,NA,-3.06606859801946e-05
"Pennsylvania","PA","Lyme",NA,NA,"GFDL-CM3",3,NA,0.000365942123331193
"Rhode Island","RI","Lyme",NA,NA,"GFDL-CM3",3,NA,-0.000145261180941703
"Vermont","VT","Lyme",NA,NA,"GFDL-CM3",3,NA,-0.00166602165298151
"Virginia","VA","Lyme",NA,NA,"GFDL-CM3",3,NA,-2.75841975908134e-05
"West Virginia","WV","Lyme",NA,NA,"GFDL-CM3",3,NA,-6.16114089935451e-05
"Wisconsin","WI","Lyme",NA,NA,"GFDL-CM3",3,NA,0.000377305825550331
"Connecticut","CT","Lyme",NA,NA,"GFDL-CM3",4,NA,-0.000882998528280737
"Delaware","DE","Lyme",NA,NA,"GFDL-CM3",4,NA,-0.000118890075745425
"District of Columbia","DC","Lyme",NA,NA,"GFDL-CM3",4,NA,-8.61954684779323e-05
"Illinois","IL","Lyme",NA,NA,"GFDL-CM3",4,NA,-2.03663009374356e-05
"Indiana","IN","Lyme",NA,NA,"GFDL-CM3",4,NA,-3.21621495987938e-05
"Iowa","IA","Lyme",NA,NA,"GFDL-CM3",4,NA,-8.2317728700092e-05
"Maine","ME","Lyme",NA,NA,"GFDL-CM3",4,NA,-0.00119725013171169
"Maryland","MD","Lyme",NA,NA,"GFDL-CM3",4,NA,-0.000128342235253489
"Massachusetts","MA","Lyme",NA,NA,"GFDL-CM3",4,NA,-0.000158807499583413
"Michigan","MI","Lyme",NA,NA,"GFDL-CM3",4,NA,-0.000199525196172735
"Minnesota","MN","Lyme",NA,NA,"GFDL-CM3",4,NA,-0.000145572333593236
"New Hampshire","NH","Lyme",NA,NA,"GFDL-CM3",4,NA,-0.00125651458035625
"New Jersey","NJ","Lyme",NA,NA,"GFDL-CM3",4,NA,-0.000127694949701012
"New York","NY","Lyme",NA,NA,"GFDL-CM3",4,NA,4.38196055223732e-06
"North Carolina","NC","Lyme",NA,NA,"GFDL-CM3",4,NA,-0.000125003901888739
"Ohio","OH","Lyme",NA,NA,"GFDL-CM3",4,NA,-5.24791720529411e-05
"Pennsylvania","PA","Lyme",NA,NA,"GFDL-CM3",4,NA,-0.000324415298666272
"Rhode Island","RI","Lyme",NA,NA,"GFDL-CM3",4,NA,-0.000467520819338012
"Vermont","VT","Lyme",NA,NA,"GFDL-CM3",4,NA,-0.00224987261547747
"Virginia","VA","Lyme",NA,NA,"GFDL-CM3",4,NA,-6.72267582067035e-05
"West Virginia","WV","Lyme",NA,NA,"GFDL-CM3",4,NA,-0.000199146194615196
"Wisconsin","WI","Lyme",NA,NA,"GFDL-CM3",4,NA,-0.000220089676177293
"Connecticut","CT","Lyme",NA,NA,"GFDL-CM3",5,NA,0.00159867692104094
"Delaware","DE","Lyme",NA,NA,"GFDL-CM3",5,NA,0.000224950019459607
"District of Columbia","DC","Lyme",NA,NA,"GFDL-CM3",5,NA,0.000332760737972624
"Illinois","IL","Lyme",NA,NA,"GFDL-CM3",5,NA,4.43444309140789e-05
"Indiana","IN","Lyme",NA,NA,"GFDL-CM3",5,NA,0.000364316325241193
"Iowa","IA","Lyme",NA,NA,"GFDL-CM3",5,NA,-1.46848833410762e-05
"Maine","ME","Lyme",NA,NA,"GFDL-CM3",5,NA,0.000421080338083554
"Maryland","MD","Lyme",NA,NA,"GFDL-CM3",5,NA,0.00112203196702902
"Massachusetts","MA","Lyme",NA,NA,"GFDL-CM3",5,NA,0.000771199102018598
"Michigan","MI","Lyme",NA,NA,"GFDL-CM3",5,NA,-6.58793710410376e-07
"Minnesota","MN","Lyme",NA,NA,"GFDL-CM3",5,NA,-0.000159644424764123
"New Hampshire","NH","Lyme",NA,NA,"GFDL-CM3",5,NA,0.000816788494114893
"New Jersey","NJ","Lyme",NA,NA,"GFDL-CM3",5,NA,0.00127473733921291
"New York","NY","Lyme",NA,NA,"GFDL-CM3",5,NA,0.00232748087711717
"North Carolina","NC","Lyme",NA,NA,"GFDL-CM3",5,NA,-5.04413871678152e-05
"Ohio","OH","Lyme",NA,NA,"GFDL-CM3",5,NA,5.34641365863468e-05
"Pennsylvania","PA","Lyme",NA,NA,"GFDL-CM3",5,NA,0.00191057754368523
"Rhode Island","RI","Lyme",NA,NA,"GFDL-CM3",5,NA,0.0016667624019335
"Vermont","VT","Lyme",NA,NA,"GFDL-CM3",5,NA,-0.000575175781266476
"Virginia","VA","Lyme",NA,NA,"GFDL-CM3",5,NA,0.000797902726902043
"West Virginia","WV","Lyme",NA,NA,"GFDL-CM3",5,NA,0.000633994118206545
"Wisconsin","WI","Lyme",NA,NA,"GFDL-CM3",5,NA,-0.000132543418961218
"Connecticut","CT","Lyme",NA,NA,"GFDL-CM3",6,NA,0.00133180336031218
"Delaware","DE","Lyme",NA,NA,"GFDL-CM3",6,NA,-6.01014418630174e-06
"District of Columbia","DC","Lyme",NA,NA,"GFDL-CM3",6,NA,-3.98790078461359e-05
"Illinois","IL","Lyme",NA,NA,"GFDL-CM3",6,NA,-1.85839343284942e-05
"Indiana","IN","Lyme",NA,NA,"GFDL-CM3",6,NA,-2.07583649651239e-05
"Iowa","IA","Lyme",NA,NA,"GFDL-CM3",6,NA,-3.20918546242661e-05
"Maine","ME","Lyme",NA,NA,"GFDL-CM3",6,NA,-0.000106418390557224
"Maryland","MD","Lyme",NA,NA,"GFDL-CM3",6,NA,0.000157124023884456
"Massachusetts","MA","Lyme",NA,NA,"GFDL-CM3",6,NA,1.45614512837818e-05
"Michigan","MI","Lyme",NA,NA,"GFDL-CM3",6,NA,-0.000193123172337512
"Minnesota","MN","Lyme",NA,NA,"GFDL-CM3",6,NA,-0.000153744349921171
"New Hampshire","NH","Lyme",NA,NA,"GFDL-CM3",6,NA,-0.00110293286455543
"New Jersey","NJ","Lyme",NA,NA,"GFDL-CM3",6,NA,6.74469135381329e-05
"New York","NY","Lyme",NA,NA,"GFDL-CM3",6,NA,0.000379866332574231
"North Carolina","NC","Lyme",NA,NA,"GFDL-CM3",6,NA,-0.000123704754173635
"Ohio","OH","Lyme",NA,NA,"GFDL-CM3",6,NA,-3.90075286238972e-05
"Pennsylvania","PA","Lyme",NA,NA,"GFDL-CM3",6,NA,0.00066701569752039
"Rhode Island","RI","Lyme",NA,NA,"GFDL-CM3",6,NA,-0.000224826399117599
"Vermont","VT","Lyme",NA,NA,"GFDL-CM3",6,NA,-0.00240898314977477
"Virginia","VA","Lyme",NA,NA,"GFDL-CM3",6,NA,-5.21252773530271e-05
"West Virginia","WV","Lyme",NA,NA,"GFDL-CM3",6,NA,0.000465320411385446
"Wisconsin","WI","Lyme",NA,NA,"GFDL-CM3",6,NA,-0.000202203220836652
"Connecticut","CT","Lyme",NA,NA,"GISS-E2-R",1,NA,-0.00109508301690707
"Delaware","DE","Lyme",NA,NA,"GISS-E2-R",1,NA,-0.000127451435996824
"District of Columbia","DC","Lyme",NA,NA,"GISS-E2-R",1,NA,-0.000100877819268199
"Illinois","IL","Lyme",NA,NA,"GISS-E2-R",1,NA,-2.55616985763371e-05
"Indiana","IN","Lyme",NA,NA,"GISS-E2-R",1,NA,-5.27095782044063e-05
"Iowa","IA","Lyme",NA,NA,"GISS-E2-R",1,NA,-9.60494386863524e-05
"Maine","ME","Lyme",NA,NA,"GISS-E2-R",1,NA,-0.000498284026588616
"Maryland","MD","Lyme",NA,NA,"GISS-E2-R",1,NA,-0.000140754103804677
"Massachusetts","MA","Lyme",NA,NA,"GISS-E2-R",1,NA,-0.000254644692904146
"Michigan","MI","Lyme",NA,NA,"GISS-E2-R",1,NA,-0.000257389238734552
"Minnesota","MN","Lyme",NA,NA,"GISS-E2-R",1,NA,-0.000187622778276878
"New Hampshire","NH","Lyme",NA,NA,"GISS-E2-R",1,NA,-0.00119228423881161
"New Jersey","NJ","Lyme",NA,NA,"GISS-E2-R",1,NA,-0.000239511224114127
"New York","NY","Lyme",NA,NA,"GISS-E2-R",1,NA,-0.000214962591710585
"North Carolina","NC","Lyme",NA,NA,"GISS-E2-R",1,NA,-0.000121960864593569
"Ohio","OH","Lyme",NA,NA,"GISS-E2-R",1,NA,-6.75481312106272e-05
"Pennsylvania","PA","Lyme",NA,NA,"GISS-E2-R",1,NA,-0.000345163483853719
"Rhode Island","RI","Lyme",NA,NA,"GISS-E2-R",1,NA,-0.000497860727872949
"Vermont","VT","Lyme",NA,NA,"GISS-E2-R",1,NA,-0.00207508171521786
"Virginia","VA","Lyme",NA,NA,"GISS-E2-R",1,NA,-0.000110320054028163
"West Virginia","WV","Lyme",NA,NA,"GISS-E2-R",1,NA,-0.000316204432419478
"Wisconsin","WI","Lyme",NA,NA,"GISS-E2-R",1,NA,-0.000255549248504954
"Connecticut","CT","Lyme",NA,NA,"GISS-E2-R",2,NA,-0.000909343889273511
"Delaware","DE","Lyme",NA,NA,"GISS-E2-R",2,NA,-0.000126430487075531
"District of Columbia","DC","Lyme",NA,NA,"GISS-E2-R",2,NA,-0.000117363635992341
"Illinois","IL","Lyme",NA,NA,"GISS-E2-R",2,NA,-2.36032320331645e-05
"Indiana","IN","Lyme",NA,NA,"GISS-E2-R",2,NA,-5.01126905554221e-05
"Iowa","IA","Lyme",NA,NA,"GISS-E2-R",2,NA,-8.95498511177621e-05
"Maine","ME","Lyme",NA,NA,"GISS-E2-R",2,NA,-0.000986429726569932
"Maryland","MD","Lyme",NA,NA,"GISS-E2-R",2,NA,-0.000154896255270132
"Massachusetts","MA","Lyme",NA,NA,"GISS-E2-R",2,NA,-0.000227472552115134
"Michigan","MI","Lyme",NA,NA,"GISS-E2-R",2,NA,-0.000250625373879684
"Minnesota","MN","Lyme",NA,NA,"GISS-E2-R",2,NA,-0.00018665363015442
"New Hampshire","NH","Lyme",NA,NA,"GISS-E2-R",2,NA,-0.00103155845481932
"New Jersey","NJ","Lyme",NA,NA,"GISS-E2-R",2,NA,-0.000161112110583359
"New York","NY","Lyme",NA,NA,"GISS-E2-R",2,NA,-0.000149991597871638
"North Carolina","NC","Lyme",NA,NA,"GISS-E2-R",2,NA,-0.000126815111330936
"Ohio","OH","Lyme",NA,NA,"GISS-E2-R",2,NA,-6.9532186348308e-05
"Pennsylvania","PA","Lyme",NA,NA,"GISS-E2-R",2,NA,-0.000386485967151955
"Rhode Island","RI","Lyme",NA,NA,"GISS-E2-R",2,NA,-0.000382487707603651
"Vermont","VT","Lyme",NA,NA,"GISS-E2-R",2,NA,-0.00216197510021076
"Virginia","VA","Lyme",NA,NA,"GISS-E2-R",2,NA,-0.000132675889177046
"West Virginia","WV","Lyme",NA,NA,"GISS-E2-R",2,NA,-0.000296949472862994
"Wisconsin","WI","Lyme",NA,NA,"GISS-E2-R",2,NA,-0.000255779105373782
"Connecticut","CT","Lyme",NA,NA,"GISS-E2-R",3,NA,-0.000743343371958973
"Delaware","DE","Lyme",NA,NA,"GISS-E2-R",3,NA,-6.09384487121988e-05
"District of Columbia","DC","Lyme",NA,NA,"GISS-E2-R",3,NA,-0.000100053338532593
"Illinois","IL","Lyme",NA,NA,"GISS-E2-R",3,NA,-2.15242299135119e-05
"Indiana","IN","Lyme",NA,NA,"GISS-E2-R",3,NA,-4.6742361315333e-05
"Iowa","IA","Lyme",NA,NA,"GISS-E2-R",3,NA,-8.24974262122362e-05
"Maine","ME","Lyme",NA,NA,"GISS-E2-R",3,NA,-0.00125423615093047
"Maryland","MD","Lyme",NA,NA,"GISS-E2-R",3,NA,-0.000136573840740771
"Massachusetts","MA","Lyme",NA,NA,"GISS-E2-R",3,NA,-0.000156128386388338
"Michigan","MI","Lyme",NA,NA,"GISS-E2-R",3,NA,-0.0002404239893643
"Minnesota","MN","Lyme",NA,NA,"GISS-E2-R",3,NA,-0.000170505739720141
"New Hampshire","NH","Lyme",NA,NA,"GISS-E2-R",3,NA,-0.00115726938348349
"New Jersey","NJ","Lyme",NA,NA,"GISS-E2-R",3,NA,1.3648193224621e-05
"New York","NY","Lyme",NA,NA,"GISS-E2-R",3,NA,9.34113750564201e-06
"North Carolina","NC","Lyme",NA,NA,"GISS-E2-R",3,NA,-0.000123512022990234
"Ohio","OH","Lyme",NA,NA,"GISS-E2-R",3,NA,-7.0718299888335e-05
"Pennsylvania","PA","Lyme",NA,NA,"GISS-E2-R",3,NA,-0.000264831335694276
"Rhode Island","RI","Lyme",NA,NA,"GISS-E2-R",3,NA,-0.000338709001824086
"Vermont","VT","Lyme",NA,NA,"GISS-E2-R",3,NA,-0.0020212051373463
"Virginia","VA","Lyme",NA,NA,"GISS-E2-R",3,NA,-0.000117906487640453
"West Virginia","WV","Lyme",NA,NA,"GISS-E2-R",3,NA,-0.000271971143978503
"Wisconsin","WI","Lyme",NA,NA,"GISS-E2-R",3,NA,-0.000244886918247888
"Connecticut","CT","Lyme",NA,NA,"HadGEM2-ES",1,NA,-0.00108336540971761
"Delaware","DE","Lyme",NA,NA,"HadGEM2-ES",1,NA,-3.04818562447508e-05
"District of Columbia","DC","Lyme",NA,NA,"HadGEM2-ES",1,NA,0.000104416793081235
"Illinois","IL","Lyme",NA,NA,"HadGEM2-ES",1,NA,0.000123081037159605
"Indiana","IN","Lyme",NA,NA,"HadGEM2-ES",1,NA,0.000111447696916414
"Iowa","IA","Lyme",NA,NA,"HadGEM2-ES",1,NA,0.000368018364928121
"Maine","ME","Lyme",NA,NA,"HadGEM2-ES",1,NA,-0.00108370571965346
"Maryland","MD","Lyme",NA,NA,"HadGEM2-ES",1,NA,8.59843948067995e-05
"Massachusetts","MA","Lyme",NA,NA,"HadGEM2-ES",1,NA,-0.000285403540620647
"Michigan","MI","Lyme",NA,NA,"HadGEM2-ES",1,NA,-0.000140799721452037
"Minnesota","MN","Lyme",NA,NA,"HadGEM2-ES",1,NA,0.000242382188185687
"New Hampshire","NH","Lyme",NA,NA,"HadGEM2-ES",1,NA,-0.000913218508510703
"New Jersey","NJ","Lyme",NA,NA,"HadGEM2-ES",1,NA,-2.56688866723333e-05
"New York","NY","Lyme",NA,NA,"HadGEM2-ES",1,NA,-0.000153838433076598
"North Carolina","NC","Lyme",NA,NA,"HadGEM2-ES",1,NA,-9.06563465838464e-05
"Ohio","OH","Lyme",NA,NA,"HadGEM2-ES",1,NA,-5.31791648418554e-05
"Pennsylvania","PA","Lyme",NA,NA,"HadGEM2-ES",1,NA,-6.47226599885416e-05
"Rhode Island","RI","Lyme",NA,NA,"HadGEM2-ES",1,NA,-0.000495889749219322
"Vermont","VT","Lyme",NA,NA,"HadGEM2-ES",1,NA,-0.00154715164733279
"Virginia","VA","Lyme",NA,NA,"HadGEM2-ES",1,NA,-2.99005332446014e-05
"West Virginia","WV","Lyme",NA,NA,"HadGEM2-ES",1,NA,-0.000324043827935139
"Wisconsin","WI","Lyme",NA,NA,"HadGEM2-ES",1,NA,0.000260617076675304
"Connecticut","CT","Lyme",NA,NA,"HadGEM2-ES",2,NA,-0.000999787014083794
"Delaware","DE","Lyme",NA,NA,"HadGEM2-ES",2,NA,0.00088170408844469
"District of Columbia","DC","Lyme",NA,NA,"HadGEM2-ES",2,NA,0.000283180655919431
"Illinois","IL","Lyme",NA,NA,"HadGEM2-ES",2,NA,3.26038816573799e-05
"Indiana","IN","Lyme",NA,NA,"HadGEM2-ES",2,NA,0.000314195532152405
"Iowa","IA","Lyme",NA,NA,"HadGEM2-ES",2,NA,1.96286804246985e-05
"Maine","ME","Lyme",NA,NA,"HadGEM2-ES",2,NA,-0.00114647442030564
"Maryland","MD","Lyme",NA,NA,"HadGEM2-ES",2,NA,0.000877504871022557
"Massachusetts","MA","Lyme",NA,NA,"HadGEM2-ES",2,NA,-0.000248893442853692
"Michigan","MI","Lyme",NA,NA,"HadGEM2-ES",2,NA,-0.000143757303328708
"Minnesota","MN","Lyme",NA,NA,"HadGEM2-ES",2,NA,-3.36369103511397e-05
"New Hampshire","NH","Lyme",NA,NA,"HadGEM2-ES",2,NA,-0.000836586358820535
"New Jersey","NJ","Lyme",NA,NA,"HadGEM2-ES",2,NA,0.000151427619572776
"New York","NY","Lyme",NA,NA,"HadGEM2-ES",2,NA,-8.68211381555932e-05
"North Carolina","NC","Lyme",NA,NA,"HadGEM2-ES",2,NA,-7.39429360746397e-05
"Ohio","OH","Lyme",NA,NA,"HadGEM2-ES",2,NA,2.32402501474521e-05
"Pennsylvania","PA","Lyme",NA,NA,"HadGEM2-ES",2,NA,0.000610813561971023
"Rhode Island","RI","Lyme",NA,NA,"HadGEM2-ES",2,NA,-0.000422055146313293
"Vermont","VT","Lyme",NA,NA,"HadGEM2-ES",2,NA,-0.00147109860197373
"Virginia","VA","Lyme",NA,NA,"HadGEM2-ES",2,NA,2.3787718642952e-05
"West Virginia","WV","Lyme",NA,NA,"HadGEM2-ES",2,NA,-0.000159997298529958
"Wisconsin","WI","Lyme",NA,NA,"HadGEM2-ES",2,NA,-0.000106478857344506
"Connecticut","CT","Lyme",NA,NA,"HadGEM2-ES",3,NA,-0.00105397455256643
"Delaware","DE","Lyme",NA,NA,"HadGEM2-ES",3,NA,-0.000104613972816102
"District of Columbia","DC","Lyme",NA,NA,"HadGEM2-ES",3,NA,-0.000103111620606864
"Illinois","IL","Lyme",NA,NA,"HadGEM2-ES",3,NA,-1.50319720715728e-06
"Indiana","IN","Lyme",NA,NA,"HadGEM2-ES",3,NA,-4.30191316926315e-06
"Iowa","IA","Lyme",NA,NA,"HadGEM2-ES",3,NA,1.19420192503315e-05
"Maine","ME","Lyme",NA,NA,"HadGEM2-ES",3,NA,0.00166489968157193
"Maryland","MD","Lyme",NA,NA,"HadGEM2-ES",3,NA,-0.000144882192663423
"Massachusetts","MA","Lyme",NA,NA,"HadGEM2-ES",3,NA,-0.000221714528363597
"Michigan","MI","Lyme",NA,NA,"HadGEM2-ES",3,NA,-0.000236024127206757
"Minnesota","MN","Lyme",NA,NA,"HadGEM2-ES",3,NA,-0.000162998771133957
"New Hampshire","NH","Lyme",NA,NA,"HadGEM2-ES",3,NA,-0.000491651611866696
"New Jersey","NJ","Lyme",NA,NA,"HadGEM2-ES",3,NA,-0.000163666314297619
"New York","NY","Lyme",NA,NA,"HadGEM2-ES",3,NA,-0.000129453751593173
"North Carolina","NC","Lyme",NA,NA,"HadGEM2-ES",3,NA,-0.000125779174302204
"Ohio","OH","Lyme",NA,NA,"HadGEM2-ES",3,NA,-4.94192937651132e-05
"Pennsylvania","PA","Lyme",NA,NA,"HadGEM2-ES",3,NA,-0.000312227853979724
"Rhode Island","RI","Lyme",NA,NA,"HadGEM2-ES",3,NA,-0.000468869045112426
"Vermont","VT","Lyme",NA,NA,"HadGEM2-ES",3,NA,-0.00210395718474622
"Virginia","VA","Lyme",NA,NA,"HadGEM2-ES",3,NA,-0.000115383077454937
"West Virginia","WV","Lyme",NA,NA,"HadGEM2-ES",3,NA,-0.00026684973884479
"Wisconsin","WI","Lyme",NA,NA,"HadGEM2-ES",3,NA,-0.000241047773303946
"Connecticut","CT","Lyme",NA,NA,"HadGEM2-ES",4,NA,-0.0010569725056834
"Delaware","DE","Lyme",NA,NA,"HadGEM2-ES",4,NA,1.27099525454419e-05
"District of Columbia","DC","Lyme",NA,NA,"HadGEM2-ES",4,NA,0.000169911798176139
"Illinois","IL","Lyme",NA,NA,"HadGEM2-ES",4,NA,0.00021076449440429
"Indiana","IN","Lyme",NA,NA,"HadGEM2-ES",4,NA,0.000423216287360137
"Iowa","IA","Lyme",NA,NA,"HadGEM2-ES",4,NA,0.00090322308450107
"Maine","ME","Lyme",NA,NA,"HadGEM2-ES",4,NA,0.00202993737583426
"Maryland","MD","Lyme",NA,NA,"HadGEM2-ES",4,NA,0.000261217555980203
"Massachusetts","MA","Lyme",NA,NA,"HadGEM2-ES",4,NA,-0.000245018147596009
"Michigan","MI","Lyme",NA,NA,"HadGEM2-ES",4,NA,-8.59460384615565e-06
"Minnesota","MN","Lyme",NA,NA,"HadGEM2-ES",4,NA,0.000322638056965073
"New Hampshire","NH","Lyme",NA,NA,"HadGEM2-ES",4,NA,0.000320690355024263
"New Jersey","NJ","Lyme",NA,NA,"HadGEM2-ES",4,NA,-3.40617612044425e-05
"New York","NY","Lyme",NA,NA,"HadGEM2-ES",4,NA,-6.55076275401601e-05
"North Carolina","NC","Lyme",NA,NA,"HadGEM2-ES",4,NA,-0.000121289482136271
"Ohio","OH","Lyme",NA,NA,"HadGEM2-ES",4,NA,0.000154175124731357
"Pennsylvania","PA","Lyme",NA,NA,"HadGEM2-ES",4,NA,0.000609835378073346
"Rhode Island","RI","Lyme",NA,NA,"HadGEM2-ES",4,NA,-0.000473609258341665
"Vermont","VT","Lyme",NA,NA,"HadGEM2-ES",4,NA,-0.000666543965751698
"Virginia","VA","Lyme",NA,NA,"HadGEM2-ES",4,NA,0.000372573889207775
"West Virginia","WV","Lyme",NA,NA,"HadGEM2-ES",4,NA,0.00082857355981611
"Wisconsin","WI","Lyme",NA,NA,"HadGEM2-ES",4,NA,1.70614574926466e-05
"Connecticut","CT","Lyme",NA,NA,"HadGEM2-ES",5,NA,-0.000688139411786083
"Delaware","DE","Lyme",NA,NA,"HadGEM2-ES",5,NA,-0.000114164875915187
"District of Columbia","DC","Lyme",NA,NA,"HadGEM2-ES",5,NA,-8.47706666983759e-05
"Illinois","IL","Lyme",NA,NA,"HadGEM2-ES",5,NA,0.000270387870500766
"Indiana","IN","Lyme",NA,NA,"HadGEM2-ES",5,NA,0.00128130818434108
"Iowa","IA","Lyme",NA,NA,"HadGEM2-ES",5,NA,0.000635745013201873
"Maine","ME","Lyme",NA,NA,"HadGEM2-ES",5,NA,0.0130832103774221
"Maryland","MD","Lyme",NA,NA,"HadGEM2-ES",5,NA,-0.000119715797738579
"Massachusetts","MA","Lyme",NA,NA,"HadGEM2-ES",5,NA,0.000447936546367595
"Michigan","MI","Lyme",NA,NA,"HadGEM2-ES",5,NA,0.000172498313281918
"Minnesota","MN","Lyme",NA,NA,"HadGEM2-ES",5,NA,0.00223150022852808
"New Hampshire","NH","Lyme",NA,NA,"HadGEM2-ES",5,NA,0.000458808092595274
"New Jersey","NJ","Lyme",NA,NA,"HadGEM2-ES",5,NA,6.55145264326347e-05
"New York","NY","Lyme",NA,NA,"HadGEM2-ES",5,NA,0.000208206209590993
"North Carolina","NC","Lyme",NA,NA,"HadGEM2-ES",5,NA,-9.85469997069787e-05
"Ohio","OH","Lyme",NA,NA,"HadGEM2-ES",5,NA,0.000600219516758104
"Pennsylvania","PA","Lyme",NA,NA,"HadGEM2-ES",5,NA,0.000475938790941662
"Rhode Island","RI","Lyme",NA,NA,"HadGEM2-ES",5,NA,0.000133322628632115
"Vermont","VT","Lyme",NA,NA,"HadGEM2-ES",5,NA,-8.93761850475926e-05
"Virginia","VA","Lyme",NA,NA,"HadGEM2-ES",5,NA,-4.84828070476205e-05
"West Virginia","WV","Lyme",NA,NA,"HadGEM2-ES",5,NA,-0.000158513675513097
"Wisconsin","WI","Lyme",NA,NA,"HadGEM2-ES",5,NA,0.000395992087456163
"Connecticut","CT","Lyme",NA,NA,"HadGEM2-ES",6,NA,-0.00105418736292918
"Delaware","DE","Lyme",NA,NA,"HadGEM2-ES",6,NA,-0.000105047872121699
"District of Columbia","DC","Lyme",NA,NA,"HadGEM2-ES",6,NA,-1.3219558388449e-05
"Illinois","IL","Lyme",NA,NA,"HadGEM2-ES",6,NA,0.00108426964377378
"Indiana","IN","Lyme",NA,NA,"HadGEM2-ES",6,NA,0.00190118458968828
"Iowa","IA","Lyme",NA,NA,"HadGEM2-ES",6,NA,0.00745820876295707
"Maine","ME","Lyme",NA,NA,"HadGEM2-ES",6,NA,-0.000141229786511101
"Maryland","MD","Lyme",NA,NA,"HadGEM2-ES",6,NA,-9.767219440486e-05
"Massachusetts","MA","Lyme",NA,NA,"HadGEM2-ES",6,NA,-0.000233046644151711
"Michigan","MI","Lyme",NA,NA,"HadGEM2-ES",6,NA,0.00390147598446485
"Minnesota","MN","Lyme",NA,NA,"HadGEM2-ES",6,NA,0.00223241409605284
"New Hampshire","NH","Lyme",NA,NA,"HadGEM2-ES",6,NA,0.00151040404066344
"New Jersey","NJ","Lyme",NA,NA,"HadGEM2-ES",6,NA,-8.89643862552702e-05
"New York","NY","Lyme",NA,NA,"HadGEM2-ES",6,NA,0.000384134174575846
"North Carolina","NC","Lyme",NA,NA,"HadGEM2-ES",6,NA,-6.26383898753538e-05
"Ohio","OH","Lyme",NA,NA,"HadGEM2-ES",6,NA,0.000959992608618693
"Pennsylvania","PA","Lyme",NA,NA,"HadGEM2-ES",6,NA,0.000369868470803741
"Rhode Island","RI","Lyme",NA,NA,"HadGEM2-ES",6,NA,-0.000392757373239308
"Vermont","VT","Lyme",NA,NA,"HadGEM2-ES",6,NA,0.00142696063895602
"Virginia","VA","Lyme",NA,NA,"HadGEM2-ES",6,NA,-1.17862159868392e-05
"West Virginia","WV","Lyme",NA,NA,"HadGEM2-ES",6,NA,-0.00013824445810846
"Wisconsin","WI","Lyme",NA,NA,"HadGEM2-ES",6,NA,0.00227392720475455
"Connecticut","CT","Lyme",NA,NA,"MIROC5",1,NA,-0.000743203149393652
"Delaware","DE","Lyme",NA,NA,"MIROC5",1,NA,-0.000137656850150831
"District of Columbia","DC","Lyme",NA,NA,"MIROC5",1,NA,-0.000137671163213784
"Illinois","IL","Lyme",NA,NA,"MIROC5",1,NA,-2.19859186296874e-05
"Indiana","IN","Lyme",NA,NA,"MIROC5",1,NA,-4.48653409016408e-05
"Iowa","IA","Lyme",NA,NA,"MIROC5",1,NA,-8.78608290259918e-05
"Maine","ME","Lyme",NA,NA,"MIROC5",1,NA,-0.00096196044717726
"Maryland","MD","Lyme",NA,NA,"MIROC5",1,NA,-0.000161446306027823
"Massachusetts","MA","Lyme",NA,NA,"MIROC5",1,NA,0.000212909350795391
"Michigan","MI","Lyme",NA,NA,"MIROC5",1,NA,-0.000251867807676586
"Minnesota","MN","Lyme",NA,NA,"MIROC5",1,NA,-0.000194685476399551
"New Hampshire","NH","Lyme",NA,NA,"MIROC5",1,NA,-0.000929605841273935
"New Jersey","NJ","Lyme",NA,NA,"MIROC5",1,NA,-0.000240949760101385
"New York","NY","Lyme",NA,NA,"MIROC5",1,NA,-0.000186757956376438
"North Carolina","NC","Lyme",NA,NA,"MIROC5",1,NA,-0.000139377956951159
"Ohio","OH","Lyme",NA,NA,"MIROC5",1,NA,-6.04643162117392e-05
"Pennsylvania","PA","Lyme",NA,NA,"MIROC5",1,NA,-0.000346192593610597
"Rhode Island","RI","Lyme",NA,NA,"MIROC5",1,NA,0.000471474913164359
"Vermont","VT","Lyme",NA,NA,"MIROC5",1,NA,-0.00160391182983359
"Virginia","VA","Lyme",NA,NA,"MIROC5",1,NA,-0.000137150081331126
"West Virginia","WV","Lyme",NA,NA,"MIROC5",1,NA,-0.00030511619041034
"Wisconsin","WI","Lyme",NA,NA,"MIROC5",1,NA,-0.000244916202652537
"Connecticut","CT","Lyme",NA,NA,"MIROC5",2,NA,-1.75276002796337e-05
"Delaware","DE","Lyme",NA,NA,"MIROC5",2,NA,2.89606689273168e-05
"District of Columbia","DC","Lyme",NA,NA,"MIROC5",2,NA,0.000256568585200072
"Illinois","IL","Lyme",NA,NA,"MIROC5",2,NA,-5.21466989838282e-06
"Indiana","IN","Lyme",NA,NA,"MIROC5",2,NA,-2.12246681959981e-05
"Iowa","IA","Lyme",NA,NA,"MIROC5",2,NA,-5.06914592946965e-05
"Maine","ME","Lyme",NA,NA,"MIROC5",2,NA,0.00371119526103007
"Maryland","MD","Lyme",NA,NA,"MIROC5",2,NA,0.000484858304788149
"Massachusetts","MA","Lyme",NA,NA,"MIROC5",2,NA,0.000295487416863108
"Michigan","MI","Lyme",NA,NA,"MIROC5",2,NA,-0.000197432097938979
"Minnesota","MN","Lyme",NA,NA,"MIROC5",2,NA,-0.000156933339084529
"New Hampshire","NH","Lyme",NA,NA,"MIROC5",2,NA,0.00295245050860863
"New Jersey","NJ","Lyme",NA,NA,"MIROC5",2,NA,0.000503042002309161
"New York","NY","Lyme",NA,NA,"MIROC5",2,NA,0.000198347472519125
"North Carolina","NC","Lyme",NA,NA,"MIROC5",2,NA,-4.17176544639977e-05
"Ohio","OH","Lyme",NA,NA,"MIROC5",2,NA,-3.51805142733601e-05
"Pennsylvania","PA","Lyme",NA,NA,"MIROC5",2,NA,0.000856106721208299
"Rhode Island","RI","Lyme",NA,NA,"MIROC5",2,NA,-8.15518311929868e-05
"Vermont","VT","Lyme",NA,NA,"MIROC5",2,NA,0.000772822817517903
"Virginia","VA","Lyme",NA,NA,"MIROC5",2,NA,0.000333223439806957
"West Virginia","WV","Lyme",NA,NA,"MIROC5",2,NA,-0.000233159380922255
"Wisconsin","WI","Lyme",NA,NA,"MIROC5",2,NA,-0.000185084390955803
"Connecticut","CT","Lyme",NA,NA,"MIROC5",3,NA,-0.000784979857839576
"Delaware","DE","Lyme",NA,NA,"MIROC5",3,NA,-0.000112608083504652
"District of Columbia","DC","Lyme",NA,NA,"MIROC5",3,NA,-9.80710678275896e-05
"Illinois","IL","Lyme",NA,NA,"MIROC5",3,NA,-2.35004039137141e-05
"Indiana","IN","Lyme",NA,NA,"MIROC5",3,NA,-5.0536606127527e-05
"Iowa","IA","Lyme",NA,NA,"MIROC5",3,NA,-9.08842075422596e-05
"Maine","ME","Lyme",NA,NA,"MIROC5",3,NA,-0.00156534928109004
"Maryland","MD","Lyme",NA,NA,"MIROC5",3,NA,-0.000134826964695171
"Massachusetts","MA","Lyme",NA,NA,"MIROC5",3,NA,-7.46365338228196e-05
"Michigan","MI","Lyme",NA,NA,"MIROC5",3,NA,-0.00025009734308864
"Minnesota","MN","Lyme",NA,NA,"MIROC5",3,NA,-0.000187707690517729
"New Hampshire","NH","Lyme",NA,NA,"MIROC5",3,NA,-0.00128031261734808
"New Jersey","NJ","Lyme",NA,NA,"MIROC5",3,NA,-0.000153603327571341
"New York","NY","Lyme",NA,NA,"MIROC5",3,NA,-0.000162266724474929
"North Carolina","NC","Lyme",NA,NA,"MIROC5",3,NA,-0.000129065005014134
"Ohio","OH","Lyme",NA,NA,"MIROC5",3,NA,-6.8614708777287e-05
"Pennsylvania","PA","Lyme",NA,NA,"MIROC5",3,NA,-0.000328600211536499
"Rhode Island","RI","Lyme",NA,NA,"MIROC5",3,NA,0.000120440288398247
"Vermont","VT","Lyme",NA,NA,"MIROC5",3,NA,-0.00232119334707373
"Virginia","VA","Lyme",NA,NA,"MIROC5",3,NA,-0.000128398364433551
"West Virginia","WV","Lyme",NA,NA,"MIROC5",3,NA,-0.000295538840717392
"Wisconsin","WI","Lyme",NA,NA,"MIROC5",3,NA,-0.00025574241602851
"Connecticut","CT","Lyme",NA,NA,"MIROC5",4,NA,-0.00109294916810105
"Delaware","DE","Lyme",NA,NA,"MIROC5",4,NA,-0.000122904960810882
"District of Columbia","DC","Lyme",NA,NA,"MIROC5",4,NA,-0.000109755214434876
"Illinois","IL","Lyme",NA,NA,"MIROC5",4,NA,-2.25105007905639e-05
"Indiana","IN","Lyme",NA,NA,"MIROC5",4,NA,-4.8538555252827e-05
"Iowa","IA","Lyme",NA,NA,"MIROC5",4,NA,-8.71569778428695e-05
"Maine","ME","Lyme",NA,NA,"MIROC5",4,NA,-0.00164984918148577
"Maryland","MD","Lyme",NA,NA,"MIROC5",4,NA,-0.000151880522426844
"Massachusetts","MA","Lyme",NA,NA,"MIROC5",4,NA,-0.000274932068076415
"Michigan","MI","Lyme",NA,NA,"MIROC5",4,NA,-0.000244140800052745
"Minnesota","MN","Lyme",NA,NA,"MIROC5",4,NA,-0.00018235759798314
"New Hampshire","NH","Lyme",NA,NA,"MIROC5",4,NA,-0.00137347173913143
"New Jersey","NJ","Lyme",NA,NA,"MIROC5",4,NA,-0.000191658777969389
"New York","NY","Lyme",NA,NA,"MIROC5",4,NA,-0.000181402613175442
"North Carolina","NC","Lyme",NA,NA,"MIROC5",4,NA,-0.000129664602928133
"Ohio","OH","Lyme",NA,NA,"MIROC5",4,NA,-6.91821381593937e-05
"Pennsylvania","PA","Lyme",NA,NA,"MIROC5",4,NA,-0.000396692251590351
"Rhode Island","RI","Lyme",NA,NA,"MIROC5",4,NA,-0.000493030093089746
"Vermont","VT","Lyme",NA,NA,"MIROC5",4,NA,-0.00245005796969572
"Virginia","VA","Lyme",NA,NA,"MIROC5",4,NA,-0.000129846620664734
"West Virginia","WV","Lyme",NA,NA,"MIROC5",4,NA,-0.0002834870180379
"Wisconsin","WI","Lyme",NA,NA,"MIROC5",4,NA,-0.000244470059455919
"Connecticut","CT","Lyme",NA,NA,"MIROC5",5,NA,-0.00109126822416643
"Delaware","DE","Lyme",NA,NA,"MIROC5",5,NA,-0.000124987868202485
"District of Columbia","DC","Lyme",NA,NA,"MIROC5",5,NA,-0.000104719041185349
"Illinois","IL","Lyme",NA,NA,"MIROC5",5,NA,-2.14779254503193e-05
"Indiana","IN","Lyme",NA,NA,"MIROC5",5,NA,-4.66369982097378e-05
"Iowa","IA","Lyme",NA,NA,"MIROC5",5,NA,-8.26051272530585e-05
"Maine","ME","Lyme",NA,NA,"MIROC5",5,NA,-0.00174120807964387
"Maryland","MD","Lyme",NA,NA,"MIROC5",5,NA,-0.000149702559819335
"Massachusetts","MA","Lyme",NA,NA,"MIROC5",5,NA,-0.000246701078876296
"Michigan","MI","Lyme",NA,NA,"MIROC5",5,NA,-0.000244522289009115
"Minnesota","MN","Lyme",NA,NA,"MIROC5",5,NA,-0.000179006456878459
"New Hampshire","NH","Lyme",NA,NA,"MIROC5",5,NA,-0.001398024189487
"New Jersey","NJ","Lyme",NA,NA,"MIROC5",5,NA,-0.000186241206564576
"New York","NY","Lyme",NA,NA,"MIROC5",5,NA,-0.000174005750618649
"North Carolina","NC","Lyme",NA,NA,"MIROC5",5,NA,-0.000125661141940786
"Ohio","OH","Lyme",NA,NA,"MIROC5",5,NA,-7.06528647083081e-05
"Pennsylvania","PA","Lyme",NA,NA,"MIROC5",5,NA,-0.000409954975743938
"Rhode Island","RI","Lyme",NA,NA,"MIROC5",5,NA,-0.0004760007055723
"Vermont","VT","Lyme",NA,NA,"MIROC5",5,NA,-0.00251585191936764
"Virginia","VA","Lyme",NA,NA,"MIROC5",5,NA,-0.000122865206027574
"West Virginia","WV","Lyme",NA,NA,"MIROC5",5,NA,-0.000274837286603575
"Wisconsin","WI","Lyme",NA,NA,"MIROC5",5,NA,-0.000247019787174092
