state,postal,model,value,sector,modelUnitValue,impactYear,variant,impactType
Alabama,AL,CanESM2,1.62E-06,MentalHealth,1,,N/A,
Arkansas,AR,CanESM2,1.53E-06,MentalHealth,1,,N/A,
Arizona,AZ,CanESM2,4.83E-07,MentalHealth,1,,N/A,
California,CA,CanESM2,4.67E-07,MentalHealth,1,,N/A,
Colorado,CO,CanESM2,1.26E-06,MentalHealth,1,,N/A,
Connecticut,CT,CanESM2,8.89E-07,MentalHealth,1,,N/A,
District of Columbia,DC,CanESM2,8.03E-07,MentalHealth,1,,N/A,
Delaware,DE,CanESM2,1.12E-06,MentalHealth,1,,N/A,
Florida,FL,CanESM2,7.63E-07,MentalHealth,1,,N/A,
Georgia,GA,CanESM2,1.21E-06,MentalHealth,1,,N/A,
Iowa,IA,CanESM2,9.69E-07,MentalHealth,1,,N/A,
Idaho,ID,CanESM2,1.40E-06,MentalHealth,1,,N/A,
Illinois,IL,CanESM2,7.02E-07,MentalHealth,1,,N/A,
Indiana,IN,CanESM2,1.11E-06,MentalHealth,1,,N/A,
Kansas,KS,CanESM2,1.69E-06,MentalHealth,1,,N/A,
Kentucky,KY,CanESM2,1.40E-06,MentalHealth,1,,N/A,
Louisiana,LA,CanESM2,8.00E-07,MentalHealth,1,,N/A,
Massachusetts,MA,CanESM2,8.77E-07,MentalHealth,1,,N/A,
Maryland,MD,CanESM2,9.66E-07,MentalHealth,1,,N/A,
Maine,ME,CanESM2,1.30E-06,MentalHealth,1,,N/A,
Michigan,MI,CanESM2,9.55E-07,MentalHealth,1,,N/A,
Minnesota,MN,CanESM2,9.00E-07,MentalHealth,1,,N/A,
Missouri,MO,CanESM2,1.87E-06,MentalHealth,1,,N/A,
Mississippi,MS,CanESM2,1.35E-06,MentalHealth,1,,N/A,
Montana,MT,CanESM2,2.08E-06,MentalHealth,1,,N/A,
North Carolina,NC,CanESM2,1.27E-06,MentalHealth,1,,N/A,
North Dakota,ND,CanESM2,1.37E-06,MentalHealth,1,,N/A,
Nebraska,NE,CanESM2,8.47E-07,MentalHealth,1,,N/A,
New Hampshire,NH,CanESM2,1.24E-06,MentalHealth,1,,N/A,
New Jersey,NJ,CanESM2,6.64E-07,MentalHealth,1,,N/A,
New Mexico,NM,CanESM2,1.52E-06,MentalHealth,1,,N/A,
Nevada,NV,CanESM2,7.71E-07,MentalHealth,1,,N/A,
New York,NY,CanESM2,6.96E-07,MentalHealth,1,,N/A,
Ohio,OH,CanESM2,1.14E-06,MentalHealth,1,,N/A,
Oklahoma,OK,CanESM2,1.38E-06,MentalHealth,1,,N/A,
Oregon,OR,CanESM2,9.97E-07,MentalHealth,1,,N/A,
Pennsylvania,PA,CanESM2,1.22E-06,MentalHealth,1,,N/A,
Rhode Island,RI,CanESM2,9.14E-07,MentalHealth,1,,N/A,
South Carolina,SC,CanESM2,1.32E-06,MentalHealth,1,,N/A,
South Dakota,SD,CanESM2,1.72E-06,MentalHealth,1,,N/A,
Tennessee,TN,CanESM2,1.35E-06,MentalHealth,1,,N/A,
Texas,TX,CanESM2,7.74E-07,MentalHealth,1,,N/A,
Utah,UT,CanESM2,1.37E-06,MentalHealth,1,,N/A,
Virginia,VA,CanESM2,1.22E-06,MentalHealth,1,,N/A,
Vermont,VT,CanESM2,1.50E-06,MentalHealth,1,,N/A,
Washington,WA,CanESM2,1.07E-06,MentalHealth,1,,N/A,
Wisconsin,WI,CanESM2,8.92E-07,MentalHealth,1,,N/A,
West Virginia,WV,CanESM2,1.18E-06,MentalHealth,1,,N/A,
Wyoming,WY,CanESM2,1.86E-06,MentalHealth,1,,N/A,
Alabama,AL,CanESM2,2.50E-06,MentalHealth,2,,N/A,
Arkansas,AR,CanESM2,2.70E-06,MentalHealth,2,,N/A,
Arizona,AZ,CanESM2,1.94E-06,MentalHealth,2,,N/A,
California,CA,CanESM2,1.27E-06,MentalHealth,2,,N/A,
Colorado,CO,CanESM2,3.15E-06,MentalHealth,2,,N/A,
Connecticut,CT,CanESM2,1.37E-06,MentalHealth,2,,N/A,
District of Columbia,DC,CanESM2,1.50E-06,MentalHealth,2,,N/A,
Delaware,DE,CanESM2,2.19E-06,MentalHealth,2,,N/A,
Florida,FL,CanESM2,1.91E-06,MentalHealth,2,,N/A,
Georgia,GA,CanESM2,2.23E-06,MentalHealth,2,,N/A,
Iowa,IA,CanESM2,2.36E-06,MentalHealth,2,,N/A,
Idaho,ID,CanESM2,3.29E-06,MentalHealth,2,,N/A,
Illinois,IL,CanESM2,1.68E-06,MentalHealth,2,,N/A,
Indiana,IN,CanESM2,2.29E-06,MentalHealth,2,,N/A,
Kansas,KS,CanESM2,3.12E-06,MentalHealth,2,,N/A,
Kentucky,KY,CanESM2,2.71E-06,MentalHealth,2,,N/A,
Louisiana,LA,CanESM2,1.43E-06,MentalHealth,2,,N/A,
Massachusetts,MA,CanESM2,1.37E-06,MentalHealth,2,,N/A,
Maryland,MD,CanESM2,1.94E-06,MentalHealth,2,,N/A,
Maine,ME,CanESM2,2.35E-06,MentalHealth,2,,N/A,
Michigan,MI,CanESM2,2.11E-06,MentalHealth,2,,N/A,
Minnesota,MN,CanESM2,1.74E-06,MentalHealth,2,,N/A,
Missouri,MO,CanESM2,3.32E-06,MentalHealth,2,,N/A,
Mississippi,MS,CanESM2,2.06E-06,MentalHealth,2,,N/A,
Montana,MT,CanESM2,3.79E-06,MentalHealth,2,,N/A,
North Carolina,NC,CanESM2,2.35E-06,MentalHealth,2,,N/A,
North Dakota,ND,CanESM2,1.99E-06,MentalHealth,2,,N/A,
Nebraska,NE,CanESM2,2.47E-06,MentalHealth,2,,N/A,
New Hampshire,NH,CanESM2,2.26E-06,MentalHealth,2,,N/A,
New Jersey,NJ,CanESM2,1.14E-06,MentalHealth,2,,N/A,
New Mexico,NM,CanESM2,3.47E-06,MentalHealth,2,,N/A,
Nevada,NV,CanESM2,2.40E-06,MentalHealth,2,,N/A,
New York,NY,CanESM2,1.22E-06,MentalHealth,2,,N/A,
Ohio,OH,CanESM2,2.16E-06,MentalHealth,2,,N/A,
Oklahoma,OK,CanESM2,2.47E-06,MentalHealth,2,,N/A,
Oregon,OR,CanESM2,1.83E-06,MentalHealth,2,,N/A,
Pennsylvania,PA,CanESM2,2.35E-06,MentalHealth,2,,N/A,
Rhode Island,RI,CanESM2,1.41E-06,MentalHealth,2,,N/A,
South Carolina,SC,CanESM2,2.36E-06,MentalHealth,2,,N/A,
South Dakota,SD,CanESM2,2.99E-06,MentalHealth,2,,N/A,
Tennessee,TN,CanESM2,2.60E-06,MentalHealth,2,,N/A,
Texas,TX,CanESM2,1.44E-06,MentalHealth,2,,N/A,
Utah,UT,CanESM2,3.41E-06,MentalHealth,2,,N/A,
Virginia,VA,CanESM2,2.36E-06,MentalHealth,2,,N/A,
Vermont,VT,CanESM2,2.43E-06,MentalHealth,2,,N/A,
Washington,WA,CanESM2,1.83E-06,MentalHealth,2,,N/A,
Wisconsin,WI,CanESM2,2.01E-06,MentalHealth,2,,N/A,
West Virginia,WV,CanESM2,2.42E-06,MentalHealth,2,,N/A,
Wyoming,WY,CanESM2,3.55E-06,MentalHealth,2,,N/A,
Alabama,AL,CanESM2,3.40E-06,MentalHealth,3,,N/A,
Arkansas,AR,CanESM2,3.56E-06,MentalHealth,3,,N/A,
Arizona,AZ,CanESM2,2.69E-06,MentalHealth,3,,N/A,
California,CA,CanESM2,2.06E-06,MentalHealth,3,,N/A,
Colorado,CO,CanESM2,4.35E-06,MentalHealth,3,,N/A,
Connecticut,CT,CanESM2,2.06E-06,MentalHealth,3,,N/A,
District of Columbia,DC,CanESM2,1.83E-06,MentalHealth,3,,N/A,
Delaware,DE,CanESM2,3.04E-06,MentalHealth,3,,N/A,
Florida,FL,CanESM2,2.84E-06,MentalHealth,3,,N/A,
Georgia,GA,CanESM2,2.93E-06,MentalHealth,3,,N/A,
Iowa,IA,CanESM2,3.08E-06,MentalHealth,3,,N/A,
Idaho,ID,CanESM2,4.79E-06,MentalHealth,3,,N/A,
Illinois,IL,CanESM2,2.38E-06,MentalHealth,3,,N/A,
Indiana,IN,CanESM2,3.25E-06,MentalHealth,3,,N/A,
Kansas,KS,CanESM2,3.97E-06,MentalHealth,3,,N/A,
Kentucky,KY,CanESM2,3.65E-06,MentalHealth,3,,N/A,
Louisiana,LA,CanESM2,2.05E-06,MentalHealth,3,,N/A,
Massachusetts,MA,CanESM2,2.01E-06,MentalHealth,3,,N/A,
Maryland,MD,CanESM2,2.50E-06,MentalHealth,3,,N/A,
Maine,ME,CanESM2,3.59E-06,MentalHealth,3,,N/A,
Michigan,MI,CanESM2,2.94E-06,MentalHealth,3,,N/A,
Minnesota,MN,CanESM2,2.53E-06,MentalHealth,3,,N/A,
Missouri,MO,CanESM2,4.31E-06,MentalHealth,3,,N/A,
Mississippi,MS,CanESM2,2.78E-06,MentalHealth,3,,N/A,
Montana,MT,CanESM2,5.86E-06,MentalHealth,3,,N/A,
North Carolina,NC,CanESM2,3.15E-06,MentalHealth,3,,N/A,
North Dakota,ND,CanESM2,3.34E-06,MentalHealth,3,,N/A,
Nebraska,NE,CanESM2,3.45E-06,MentalHealth,3,,N/A,
New Hampshire,NH,CanESM2,3.40E-06,MentalHealth,3,,N/A,
New Jersey,NJ,CanESM2,1.74E-06,MentalHealth,3,,N/A,
New Mexico,NM,CanESM2,5.08E-06,MentalHealth,3,,N/A,
Nevada,NV,CanESM2,3.52E-06,MentalHealth,3,,N/A,
New York,NY,CanESM2,1.83E-06,MentalHealth,3,,N/A,
Ohio,OH,CanESM2,2.99E-06,MentalHealth,3,,N/A,
Oklahoma,OK,CanESM2,3.60E-06,MentalHealth,3,,N/A,
Oregon,OR,CanESM2,2.80E-06,MentalHealth,3,,N/A,
Pennsylvania,PA,CanESM2,3.21E-06,MentalHealth,3,,N/A,
Rhode Island,RI,CanESM2,2.08E-06,MentalHealth,3,,N/A,
South Carolina,SC,CanESM2,3.14E-06,MentalHealth,3,,N/A,
South Dakota,SD,CanESM2,4.36E-06,MentalHealth,3,,N/A,
Tennessee,TN,CanESM2,3.61E-06,MentalHealth,3,,N/A,
Texas,TX,CanESM2,2.20E-06,MentalHealth,3,,N/A,
Utah,UT,CanESM2,4.17E-06,MentalHealth,3,,N/A,
Virginia,VA,CanESM2,3.12E-06,MentalHealth,3,,N/A,
Vermont,VT,CanESM2,3.59E-06,MentalHealth,3,,N/A,
Washington,WA,CanESM2,2.75E-06,MentalHealth,3,,N/A,
Wisconsin,WI,CanESM2,2.65E-06,MentalHealth,3,,N/A,
West Virginia,WV,CanESM2,3.35E-06,MentalHealth,3,,N/A,
Wyoming,WY,CanESM2,5.20E-06,MentalHealth,3,,N/A,
Alabama,AL,CanESM2,4.29E-06,MentalHealth,4,,N/A,
Arkansas,AR,CanESM2,4.80E-06,MentalHealth,4,,N/A,
Arizona,AZ,CanESM2,4.05E-06,MentalHealth,4,,N/A,
California,CA,CanESM2,2.81E-06,MentalHealth,4,,N/A,
Colorado,CO,CanESM2,5.90E-06,MentalHealth,4,,N/A,
Connecticut,CT,CanESM2,2.90E-06,MentalHealth,4,,N/A,
District of Columbia,DC,CanESM2,2.41E-06,MentalHealth,4,,N/A,
Delaware,DE,CanESM2,4.09E-06,MentalHealth,4,,N/A,
Florida,FL,CanESM2,3.47E-06,MentalHealth,4,,N/A,
Georgia,GA,CanESM2,3.75E-06,MentalHealth,4,,N/A,
Iowa,IA,CanESM2,4.09E-06,MentalHealth,4,,N/A,
Idaho,ID,CanESM2,6.67E-06,MentalHealth,4,,N/A,
Illinois,IL,CanESM2,3.24E-06,MentalHealth,4,,N/A,
Indiana,IN,CanESM2,4.75E-06,MentalHealth,4,,N/A,
Kansas,KS,CanESM2,4.95E-06,MentalHealth,4,,N/A,
Kentucky,KY,CanESM2,5.10E-06,MentalHealth,4,,N/A,
Louisiana,LA,CanESM2,2.94E-06,MentalHealth,4,,N/A,
Massachusetts,MA,CanESM2,2.84E-06,MentalHealth,4,,N/A,
Maryland,MD,CanESM2,3.35E-06,MentalHealth,4,,N/A,
Maine,ME,CanESM2,5.09E-06,MentalHealth,4,,N/A,
Michigan,MI,CanESM2,3.91E-06,MentalHealth,4,,N/A,
Minnesota,MN,CanESM2,3.40E-06,MentalHealth,4,,N/A,
Missouri,MO,CanESM2,5.51E-06,MentalHealth,4,,N/A,
Mississippi,MS,CanESM2,3.71E-06,MentalHealth,4,,N/A,
Montana,MT,CanESM2,7.70E-06,MentalHealth,4,,N/A,
North Carolina,NC,CanESM2,4.01E-06,MentalHealth,4,,N/A,
North Dakota,ND,CanESM2,4.21E-06,MentalHealth,4,,N/A,
Nebraska,NE,CanESM2,4.28E-06,MentalHealth,4,,N/A,
New Hampshire,NH,CanESM2,4.94E-06,MentalHealth,4,,N/A,
New Jersey,NJ,CanESM2,2.37E-06,MentalHealth,4,,N/A,
New Mexico,NM,CanESM2,6.62E-06,MentalHealth,4,,N/A,
Nevada,NV,CanESM2,4.84E-06,MentalHealth,4,,N/A,
New York,NY,CanESM2,2.55E-06,MentalHealth,4,,N/A,
Ohio,OH,CanESM2,4.33E-06,MentalHealth,4,,N/A,
Oklahoma,OK,CanESM2,4.75E-06,MentalHealth,4,,N/A,
Oregon,OR,CanESM2,4.05E-06,MentalHealth,4,,N/A,
Pennsylvania,PA,CanESM2,4.38E-06,MentalHealth,4,,N/A,
Rhode Island,RI,CanESM2,2.91E-06,MentalHealth,4,,N/A,
South Carolina,SC,CanESM2,3.97E-06,MentalHealth,4,,N/A,
South Dakota,SD,CanESM2,5.76E-06,MentalHealth,4,,N/A,
Tennessee,TN,CanESM2,4.93E-06,MentalHealth,4,,N/A,
Texas,TX,CanESM2,2.89E-06,MentalHealth,4,,N/A,
Utah,UT,CanESM2,5.58E-06,MentalHealth,4,,N/A,
Virginia,VA,CanESM2,4.13E-06,MentalHealth,4,,N/A,
Vermont,VT,CanESM2,5.15E-06,MentalHealth,4,,N/A,
Washington,WA,CanESM2,3.73E-06,MentalHealth,4,,N/A,
Wisconsin,WI,CanESM2,3.32E-06,MentalHealth,4,,N/A,
West Virginia,WV,CanESM2,4.98E-06,MentalHealth,4,,N/A,
Wyoming,WY,CanESM2,7.38E-06,MentalHealth,4,,N/A,
Alabama,AL,CanESM2,4.95E-06,MentalHealth,5,,N/A,
Arkansas,AR,CanESM2,5.48E-06,MentalHealth,5,,N/A,
Arizona,AZ,CanESM2,5.15E-06,MentalHealth,5,,N/A,
California,CA,CanESM2,3.32E-06,MentalHealth,5,,N/A,
Colorado,CO,CanESM2,7.55E-06,MentalHealth,5,,N/A,
Connecticut,CT,CanESM2,3.77E-06,MentalHealth,5,,N/A,
District of Columbia,DC,CanESM2,2.73E-06,MentalHealth,5,,N/A,
Delaware,DE,CanESM2,4.76E-06,MentalHealth,5,,N/A,
Florida,FL,CanESM2,3.99E-06,MentalHealth,5,,N/A,
Georgia,GA,CanESM2,4.36E-06,MentalHealth,5,,N/A,
Iowa,IA,CanESM2,6.02E-06,MentalHealth,5,,N/A,
Idaho,ID,CanESM2,8.32E-06,MentalHealth,5,,N/A,
Illinois,IL,CanESM2,4.46E-06,MentalHealth,5,,N/A,
Indiana,IN,CanESM2,6.06E-06,MentalHealth,5,,N/A,
Kansas,KS,CanESM2,5.85E-06,MentalHealth,5,,N/A,
Kentucky,KY,CanESM2,5.95E-06,MentalHealth,5,,N/A,
Louisiana,LA,CanESM2,3.22E-06,MentalHealth,5,,N/A,
Massachusetts,MA,CanESM2,3.66E-06,MentalHealth,5,,N/A,
Maryland,MD,CanESM2,3.87E-06,MentalHealth,5,,N/A,
Maine,ME,CanESM2,6.99E-06,MentalHealth,5,,N/A,
Michigan,MI,CanESM2,5.60E-06,MentalHealth,5,,N/A,
Minnesota,MN,CanESM2,5.20E-06,MentalHealth,5,,N/A,
Missouri,MO,CanESM2,6.44E-06,MentalHealth,5,,N/A,
Mississippi,MS,CanESM2,4.12E-06,MentalHealth,5,,N/A,
Montana,MT,CanESM2,1.01E-05,MentalHealth,5,,N/A,
North Carolina,NC,CanESM2,4.74E-06,MentalHealth,5,,N/A,
North Dakota,ND,CanESM2,6.49E-06,MentalHealth,5,,N/A,
Nebraska,NE,CanESM2,5.65E-06,MentalHealth,5,,N/A,
New Hampshire,NH,CanESM2,6.48E-06,MentalHealth,5,,N/A,
New Jersey,NJ,CanESM2,2.90E-06,MentalHealth,5,,N/A,
New Mexico,NM,CanESM2,7.79E-06,MentalHealth,5,,N/A,
Nevada,NV,CanESM2,5.93E-06,MentalHealth,5,,N/A,
New York,NY,CanESM2,3.21E-06,MentalHealth,5,,N/A,
Ohio,OH,CanESM2,5.55E-06,MentalHealth,5,,N/A,
Oklahoma,OK,CanESM2,5.67E-06,MentalHealth,5,,N/A,
Oregon,OR,CanESM2,5.23E-06,MentalHealth,5,,N/A,
Pennsylvania,PA,CanESM2,5.52E-06,MentalHealth,5,,N/A,
Rhode Island,RI,CanESM2,3.89E-06,MentalHealth,5,,N/A,
South Carolina,SC,CanESM2,4.74E-06,MentalHealth,5,,N/A,
South Dakota,SD,CanESM2,8.01E-06,MentalHealth,5,,N/A,
Tennessee,TN,CanESM2,5.71E-06,MentalHealth,5,,N/A,
Texas,TX,CanESM2,3.46E-06,MentalHealth,5,,N/A,
Utah,UT,CanESM2,7.19E-06,MentalHealth,5,,N/A,
Virginia,VA,CanESM2,4.88E-06,MentalHealth,5,,N/A,
Vermont,VT,CanESM2,6.92E-06,MentalHealth,5,,N/A,
Washington,WA,CanESM2,4.72E-06,MentalHealth,5,,N/A,
Wisconsin,WI,CanESM2,5.40E-06,MentalHealth,5,,N/A,
West Virginia,WV,CanESM2,6.39E-06,MentalHealth,5,,N/A,
Wyoming,WY,CanESM2,9.11E-06,MentalHealth,5,,N/A,
Alabama,AL,CanESM2,5.78E-06,MentalHealth,6,,N/A,
Arkansas,AR,CanESM2,6.53E-06,MentalHealth,6,,N/A,
Arizona,AZ,CanESM2,6.72E-06,MentalHealth,6,,N/A,
California,CA,CanESM2,4.00E-06,MentalHealth,6,,N/A,
Colorado,CO,CanESM2,8.94E-06,MentalHealth,6,,N/A,
Connecticut,CT,CanESM2,4.64E-06,MentalHealth,6,,N/A,
District of Columbia,DC,CanESM2,3.24E-06,MentalHealth,6,,N/A,
Delaware,DE,CanESM2,5.67E-06,MentalHealth,6,,N/A,
Florida,FL,CanESM2,4.87E-06,MentalHealth,6,,N/A,
Georgia,GA,CanESM2,5.07E-06,MentalHealth,6,,N/A,
Iowa,IA,CanESM2,6.99E-06,MentalHealth,6,,N/A,
Idaho,ID,CanESM2,1.02E-05,MentalHealth,6,,N/A,
Illinois,IL,CanESM2,5.15E-06,MentalHealth,6,,N/A,
Indiana,IN,CanESM2,7.06E-06,MentalHealth,6,,N/A,
Kansas,KS,CanESM2,6.67E-06,MentalHealth,6,,N/A,
Kentucky,KY,CanESM2,7.00E-06,MentalHealth,6,,N/A,
Louisiana,LA,CanESM2,4.31E-06,MentalHealth,6,,N/A,
Massachusetts,MA,CanESM2,4.39E-06,MentalHealth,6,,N/A,
Maryland,MD,CanESM2,4.60E-06,MentalHealth,6,,N/A,
Maine,ME,CanESM2,8.94E-06,MentalHealth,6,,N/A,
Michigan,MI,CanESM2,6.81E-06,MentalHealth,6,,N/A,
Minnesota,MN,CanESM2,6.23E-06,MentalHealth,6,,N/A,
Missouri,MO,CanESM2,7.32E-06,MentalHealth,6,,N/A,
Mississippi,MS,CanESM2,5.04E-06,MentalHealth,6,,N/A,
Montana,MT,CanESM2,1.20E-05,MentalHealth,6,,N/A,
North Carolina,NC,CanESM2,5.50E-06,MentalHealth,6,,N/A,
North Dakota,ND,CanESM2,8.15E-06,MentalHealth,6,,N/A,
Nebraska,NE,CanESM2,6.33E-06,MentalHealth,6,,N/A,
New Hampshire,NH,CanESM2,8.29E-06,MentalHealth,6,,N/A,
New Jersey,NJ,CanESM2,3.45E-06,MentalHealth,6,,N/A,
New Mexico,NM,CanESM2,9.42E-06,MentalHealth,6,,N/A,
Nevada,NV,CanESM2,7.19E-06,MentalHealth,6,,N/A,
New York,NY,CanESM2,3.89E-06,MentalHealth,6,,N/A,
Ohio,OH,CanESM2,6.50E-06,MentalHealth,6,,N/A,
Oklahoma,OK,CanESM2,6.68E-06,MentalHealth,6,,N/A,
Oregon,OR,CanESM2,6.69E-06,MentalHealth,6,,N/A,
Pennsylvania,PA,CanESM2,6.57E-06,MentalHealth,6,,N/A,
Rhode Island,RI,CanESM2,4.79E-06,MentalHealth,6,,N/A,
South Carolina,SC,CanESM2,5.60E-06,MentalHealth,6,,N/A,
South Dakota,SD,CanESM2,9.42E-06,MentalHealth,6,,N/A,
Tennessee,TN,CanESM2,6.73E-06,MentalHealth,6,,N/A,
Texas,TX,CanESM2,4.24E-06,MentalHealth,6,,N/A,
Utah,UT,CanESM2,8.81E-06,MentalHealth,6,,N/A,
Virginia,VA,CanESM2,5.72E-06,MentalHealth,6,,N/A,
Vermont,VT,CanESM2,8.92E-06,MentalHealth,6,,N/A,
Washington,WA,CanESM2,6.04E-06,MentalHealth,6,,N/A,
Wisconsin,WI,CanESM2,6.73E-06,MentalHealth,6,,N/A,
West Virginia,WV,CanESM2,7.70E-06,MentalHealth,6,,N/A,
Wyoming,WY,CanESM2,1.12E-05,MentalHealth,6,,N/A,
Alabama,AL,CCSM4,1.42E-06,MentalHealth,1,,N/A,
Arkansas,AR,CCSM4,1.86E-06,MentalHealth,1,,N/A,
Arizona,AZ,CCSM4,4.28E-07,MentalHealth,1,,N/A,
California,CA,CCSM4,4.96E-07,MentalHealth,1,,N/A,
Colorado,CO,CCSM4,1.42E-06,MentalHealth,1,,N/A,
Connecticut,CT,CCSM4,3.89E-07,MentalHealth,1,,N/A,
District of Columbia,DC,CCSM4,3.87E-07,MentalHealth,1,,N/A,
Delaware,DE,CCSM4,3.32E-07,MentalHealth,1,,N/A,
Florida,FL,CCSM4,6.83E-07,MentalHealth,1,,N/A,
Georgia,GA,CCSM4,1.01E-06,MentalHealth,1,,N/A,
Iowa,IA,CCSM4,1.18E-06,MentalHealth,1,,N/A,
Idaho,ID,CCSM4,1.60E-06,MentalHealth,1,,N/A,
Illinois,IL,CCSM4,7.67E-07,MentalHealth,1,,N/A,
Indiana,IN,CCSM4,9.20E-07,MentalHealth,1,,N/A,
Kansas,KS,CCSM4,2.10E-06,MentalHealth,1,,N/A,
Kentucky,KY,CCSM4,1.19E-06,MentalHealth,1,,N/A,
Louisiana,LA,CCSM4,8.07E-07,MentalHealth,1,,N/A,
Massachusetts,MA,CCSM4,4.71E-07,MentalHealth,1,,N/A,
Maryland,MD,CCSM4,3.72E-07,MentalHealth,1,,N/A,
Maine,ME,CCSM4,1.08E-06,MentalHealth,1,,N/A,
Michigan,MI,CCSM4,9.69E-07,MentalHealth,1,,N/A,
Minnesota,MN,CCSM4,1.05E-06,MentalHealth,1,,N/A,
Missouri,MO,CCSM4,2.08E-06,MentalHealth,1,,N/A,
Mississippi,MS,CCSM4,1.38E-06,MentalHealth,1,,N/A,
Montana,MT,CCSM4,1.64E-06,MentalHealth,1,,N/A,
North Carolina,NC,CCSM4,9.22E-07,MentalHealth,1,,N/A,
North Dakota,ND,CCSM4,1.31E-06,MentalHealth,1,,N/A,
Nebraska,NE,CCSM4,1.40E-06,MentalHealth,1,,N/A,
New Hampshire,NH,CCSM4,9.39E-07,MentalHealth,1,,N/A,
New Jersey,NJ,CCSM4,2.09E-07,MentalHealth,1,,N/A,
New Mexico,NM,CCSM4,1.33E-06,MentalHealth,1,,N/A,
Nevada,NV,CCSM4,6.71E-07,MentalHealth,1,,N/A,
New York,NY,CCSM4,3.90E-07,MentalHealth,1,,N/A,
Ohio,OH,CCSM4,5.96E-07,MentalHealth,1,,N/A,
Oklahoma,OK,CCSM4,1.87E-06,MentalHealth,1,,N/A,
Oregon,OR,CCSM4,5.86E-07,MentalHealth,1,,N/A,
Pennsylvania,PA,CCSM4,6.15E-07,MentalHealth,1,,N/A,
Rhode Island,RI,CCSM4,2.91E-07,MentalHealth,1,,N/A,
South Carolina,SC,CCSM4,1.14E-06,MentalHealth,1,,N/A,
South Dakota,SD,CCSM4,1.73E-06,MentalHealth,1,,N/A,
Tennessee,TN,CCSM4,1.29E-06,MentalHealth,1,,N/A,
Texas,TX,CCSM4,6.88E-07,MentalHealth,1,,N/A,
Utah,UT,CCSM4,2.03E-06,MentalHealth,1,,N/A,
Virginia,VA,CCSM4,6.85E-07,MentalHealth,1,,N/A,
Vermont,VT,CCSM4,8.82E-07,MentalHealth,1,,N/A,
Washington,WA,CCSM4,6.92E-07,MentalHealth,1,,N/A,
Wisconsin,WI,CCSM4,1.07E-06,MentalHealth,1,,N/A,
West Virginia,WV,CCSM4,5.67E-07,MentalHealth,1,,N/A,
Wyoming,WY,CCSM4,1.72E-06,MentalHealth,1,,N/A,
Alabama,AL,CCSM4,2.38E-06,MentalHealth,2,,N/A,
Arkansas,AR,CCSM4,2.90E-06,MentalHealth,2,,N/A,
Arizona,AZ,CCSM4,1.67E-06,MentalHealth,2,,N/A,
California,CA,CCSM4,1.22E-06,MentalHealth,2,,N/A,
Colorado,CO,CCSM4,3.22E-06,MentalHealth,2,,N/A,
Connecticut,CT,CCSM4,1.07E-06,MentalHealth,2,,N/A,
District of Columbia,DC,CCSM4,1.04E-06,MentalHealth,2,,N/A,
Delaware,DE,CCSM4,1.43E-06,MentalHealth,2,,N/A,
Florida,FL,CCSM4,1.51E-06,MentalHealth,2,,N/A,
Georgia,GA,CCSM4,1.91E-06,MentalHealth,2,,N/A,
Iowa,IA,CCSM4,2.52E-06,MentalHealth,2,,N/A,
Idaho,ID,CCSM4,3.73E-06,MentalHealth,2,,N/A,
Illinois,IL,CCSM4,1.64E-06,MentalHealth,2,,N/A,
Indiana,IN,CCSM4,2.25E-06,MentalHealth,2,,N/A,
Kansas,KS,CCSM4,3.67E-06,MentalHealth,2,,N/A,
Kentucky,KY,CCSM4,2.81E-06,MentalHealth,2,,N/A,
Louisiana,LA,CCSM4,1.54E-06,MentalHealth,2,,N/A,
Massachusetts,MA,CCSM4,9.97E-07,MentalHealth,2,,N/A,
Maryland,MD,CCSM4,1.35E-06,MentalHealth,2,,N/A,
Maine,ME,CCSM4,1.84E-06,MentalHealth,2,,N/A,
Michigan,MI,CCSM4,1.87E-06,MentalHealth,2,,N/A,
Minnesota,MN,CCSM4,1.71E-06,MentalHealth,2,,N/A,
Missouri,MO,CCSM4,3.57E-06,MentalHealth,2,,N/A,
Mississippi,MS,CCSM4,2.05E-06,MentalHealth,2,,N/A,
Montana,MT,CCSM4,3.82E-06,MentalHealth,2,,N/A,
North Carolina,NC,CCSM4,1.94E-06,MentalHealth,2,,N/A,
North Dakota,ND,CCSM4,1.80E-06,MentalHealth,2,,N/A,
Nebraska,NE,CCSM4,2.80E-06,MentalHealth,2,,N/A,
New Hampshire,NH,CCSM4,1.84E-06,MentalHealth,2,,N/A,
New Jersey,NJ,CCSM4,8.59E-07,MentalHealth,2,,N/A,
New Mexico,NM,CCSM4,3.27E-06,MentalHealth,2,,N/A,
Nevada,NV,CCSM4,2.36E-06,MentalHealth,2,,N/A,
New York,NY,CCSM4,9.73E-07,MentalHealth,2,,N/A,
Ohio,OH,CCSM4,1.84E-06,MentalHealth,2,,N/A,
Oklahoma,OK,CCSM4,3.40E-06,MentalHealth,2,,N/A,
Oregon,OR,CCSM4,1.46E-06,MentalHealth,2,,N/A,
Pennsylvania,PA,CCSM4,1.73E-06,MentalHealth,2,,N/A,
Rhode Island,RI,CCSM4,9.30E-07,MentalHealth,2,,N/A,
South Carolina,SC,CCSM4,2.04E-06,MentalHealth,2,,N/A,
South Dakota,SD,CCSM4,3.18E-06,MentalHealth,2,,N/A,
Tennessee,TN,CCSM4,2.68E-06,MentalHealth,2,,N/A,
Texas,TX,CCSM4,1.66E-06,MentalHealth,2,,N/A,
Utah,UT,CCSM4,3.95E-06,MentalHealth,2,,N/A,
Virginia,VA,CCSM4,1.84E-06,MentalHealth,2,,N/A,
Vermont,VT,CCSM4,1.94E-06,MentalHealth,2,,N/A,
Washington,WA,CCSM4,1.50E-06,MentalHealth,2,,N/A,
Wisconsin,WI,CCSM4,1.90E-06,MentalHealth,2,,N/A,
West Virginia,WV,CCSM4,2.02E-06,MentalHealth,2,,N/A,
Wyoming,WY,CCSM4,4.59E-06,MentalHealth,2,,N/A,
Alabama,AL,CCSM4,3.36E-06,MentalHealth,3,,N/A,
Arkansas,AR,CCSM4,3.84E-06,MentalHealth,3,,N/A,
Arizona,AZ,CCSM4,2.60E-06,MentalHealth,3,,N/A,
California,CA,CCSM4,1.56E-06,MentalHealth,3,,N/A,
Colorado,CO,CCSM4,4.18E-06,MentalHealth,3,,N/A,
Connecticut,CT,CCSM4,1.98E-06,MentalHealth,3,,N/A,
District of Columbia,DC,CCSM4,1.59E-06,MentalHealth,3,,N/A,
Delaware,DE,CCSM4,2.62E-06,MentalHealth,3,,N/A,
Florida,FL,CCSM4,2.54E-06,MentalHealth,3,,N/A,
Georgia,GA,CCSM4,2.87E-06,MentalHealth,3,,N/A,
Iowa,IA,CCSM4,3.89E-06,MentalHealth,3,,N/A,
Idaho,ID,CCSM4,4.90E-06,MentalHealth,3,,N/A,
Illinois,IL,CCSM4,2.82E-06,MentalHealth,3,,N/A,
Indiana,IN,CCSM4,3.74E-06,MentalHealth,3,,N/A,
Kansas,KS,CCSM4,4.47E-06,MentalHealth,3,,N/A,
Kentucky,KY,CCSM4,4.16E-06,MentalHealth,3,,N/A,
Louisiana,LA,CCSM4,2.59E-06,MentalHealth,3,,N/A,
Massachusetts,MA,CCSM4,1.78E-06,MentalHealth,3,,N/A,
Maryland,MD,CCSM4,2.23E-06,MentalHealth,3,,N/A,
Maine,ME,CCSM4,3.19E-06,MentalHealth,3,,N/A,
Michigan,MI,CCSM4,3.48E-06,MentalHealth,3,,N/A,
Minnesota,MN,CCSM4,3.08E-06,MentalHealth,3,,N/A,
Missouri,MO,CCSM4,4.74E-06,MentalHealth,3,,N/A,
Mississippi,MS,CCSM4,3.01E-06,MentalHealth,3,,N/A,
Montana,MT,CCSM4,5.44E-06,MentalHealth,3,,N/A,
North Carolina,NC,CCSM4,2.92E-06,MentalHealth,3,,N/A,
North Dakota,ND,CCSM4,3.40E-06,MentalHealth,3,,N/A,
Nebraska,NE,CCSM4,3.84E-06,MentalHealth,3,,N/A,
New Hampshire,NH,CCSM4,3.15E-06,MentalHealth,3,,N/A,
New Jersey,NJ,CCSM4,1.67E-06,MentalHealth,3,,N/A,
New Mexico,NM,CCSM4,4.57E-06,MentalHealth,3,,N/A,
Nevada,NV,CCSM4,3.52E-06,MentalHealth,3,,N/A,
New York,NY,CCSM4,1.71E-06,MentalHealth,3,,N/A,
Ohio,OH,CCSM4,3.12E-06,MentalHealth,3,,N/A,
Oklahoma,OK,CCSM4,4.07E-06,MentalHealth,3,,N/A,
Oregon,OR,CCSM4,2.32E-06,MentalHealth,3,,N/A,
Pennsylvania,PA,CCSM4,3.00E-06,MentalHealth,3,,N/A,
Rhode Island,RI,CCSM4,1.67E-06,MentalHealth,3,,N/A,
South Carolina,SC,CCSM4,3.07E-06,MentalHealth,3,,N/A,
South Dakota,SD,CCSM4,5.11E-06,MentalHealth,3,,N/A,
Tennessee,TN,CCSM4,3.85E-06,MentalHealth,3,,N/A,
Texas,TX,CCSM4,2.37E-06,MentalHealth,3,,N/A,
Utah,UT,CCSM4,5.14E-06,MentalHealth,3,,N/A,
Virginia,VA,CCSM4,2.88E-06,MentalHealth,3,,N/A,
Vermont,VT,CCSM4,3.27E-06,MentalHealth,3,,N/A,
Washington,WA,CCSM4,2.36E-06,MentalHealth,3,,N/A,
Wisconsin,WI,CCSM4,3.54E-06,MentalHealth,3,,N/A,
West Virginia,WV,CCSM4,3.54E-06,MentalHealth,3,,N/A,
Wyoming,WY,CCSM4,5.65E-06,MentalHealth,3,,N/A,
Alabama,AL,CCSM4,4.36E-06,MentalHealth,4,,N/A,
Arkansas,AR,CCSM4,4.84E-06,MentalHealth,4,,N/A,
Arizona,AZ,CCSM4,3.72E-06,MentalHealth,4,,N/A,
California,CA,CCSM4,2.26E-06,MentalHealth,4,,N/A,
Colorado,CO,CCSM4,5.48E-06,MentalHealth,4,,N/A,
Connecticut,CT,CCSM4,2.91E-06,MentalHealth,4,,N/A,
District of Columbia,DC,CCSM4,2.10E-06,MentalHealth,4,,N/A,
Delaware,DE,CCSM4,3.40E-06,MentalHealth,4,,N/A,
Florida,FL,CCSM4,3.25E-06,MentalHealth,4,,N/A,
Georgia,GA,CCSM4,3.77E-06,MentalHealth,4,,N/A,
Iowa,IA,CCSM4,5.03E-06,MentalHealth,4,,N/A,
Idaho,ID,CCSM4,6.69E-06,MentalHealth,4,,N/A,
Illinois,IL,CCSM4,3.58E-06,MentalHealth,4,,N/A,
Indiana,IN,CCSM4,4.68E-06,MentalHealth,4,,N/A,
Kansas,KS,CCSM4,5.10E-06,MentalHealth,4,,N/A,
Kentucky,KY,CCSM4,5.13E-06,MentalHealth,4,,N/A,
Louisiana,LA,CCSM4,3.08E-06,MentalHealth,4,,N/A,
Massachusetts,MA,CCSM4,2.53E-06,MentalHealth,4,,N/A,
Maryland,MD,CCSM4,2.90E-06,MentalHealth,4,,N/A,
Maine,ME,CCSM4,4.42E-06,MentalHealth,4,,N/A,
Michigan,MI,CCSM4,4.48E-06,MentalHealth,4,,N/A,
Minnesota,MN,CCSM4,4.26E-06,MentalHealth,4,,N/A,
Missouri,MO,CCSM4,5.44E-06,MentalHealth,4,,N/A,
Mississippi,MS,CCSM4,3.77E-06,MentalHealth,4,,N/A,
Montana,MT,CCSM4,7.89E-06,MentalHealth,4,,N/A,
North Carolina,NC,CCSM4,4.04E-06,MentalHealth,4,,N/A,
North Dakota,ND,CCSM4,4.96E-06,MentalHealth,4,,N/A,
Nebraska,NE,CCSM4,4.81E-06,MentalHealth,4,,N/A,
New Hampshire,NH,CCSM4,4.36E-06,MentalHealth,4,,N/A,
New Jersey,NJ,CCSM4,2.19E-06,MentalHealth,4,,N/A,
New Mexico,NM,CCSM4,6.01E-06,MentalHealth,4,,N/A,
Nevada,NV,CCSM4,4.36E-06,MentalHealth,4,,N/A,
New York,NY,CCSM4,2.38E-06,MentalHealth,4,,N/A,
Ohio,OH,CCSM4,4.18E-06,MentalHealth,4,,N/A,
Oklahoma,OK,CCSM4,4.87E-06,MentalHealth,4,,N/A,
Oregon,OR,CCSM4,3.26E-06,MentalHealth,4,,N/A,
Pennsylvania,PA,CCSM4,4.06E-06,MentalHealth,4,,N/A,
Rhode Island,RI,CCSM4,2.51E-06,MentalHealth,4,,N/A,
South Carolina,SC,CCSM4,4.12E-06,MentalHealth,4,,N/A,
South Dakota,SD,CCSM4,6.93E-06,MentalHealth,4,,N/A,
Tennessee,TN,CCSM4,5.03E-06,MentalHealth,4,,N/A,
Texas,TX,CCSM4,2.83E-06,MentalHealth,4,,N/A,
Utah,UT,CCSM4,6.48E-06,MentalHealth,4,,N/A,
Virginia,VA,CCSM4,3.80E-06,MentalHealth,4,,N/A,
Vermont,VT,CCSM4,4.70E-06,MentalHealth,4,,N/A,
Washington,WA,CCSM4,3.22E-06,MentalHealth,4,,N/A,
Wisconsin,WI,CCSM4,4.65E-06,MentalHealth,4,,N/A,
West Virginia,WV,CCSM4,4.79E-06,MentalHealth,4,,N/A,
Wyoming,WY,CCSM4,7.85E-06,MentalHealth,4,,N/A,
Alabama,AL,CCSM4,5.50E-06,MentalHealth,5,,N/A,
Arkansas,AR,CCSM4,6.06E-06,MentalHealth,5,,N/A,
Arizona,AZ,CCSM4,4.77E-06,MentalHealth,5,,N/A,
California,CA,CCSM4,2.59E-06,MentalHealth,5,,N/A,
Colorado,CO,CCSM4,7.27E-06,MentalHealth,5,,N/A,
Connecticut,CT,CCSM4,3.47E-06,MentalHealth,5,,N/A,
District of Columbia,DC,CCSM4,2.61E-06,MentalHealth,5,,N/A,
Delaware,DE,CCSM4,4.32E-06,MentalHealth,5,,N/A,
Florida,FL,CCSM4,4.32E-06,MentalHealth,5,,N/A,
Georgia,GA,CCSM4,4.72E-06,MentalHealth,5,,N/A,
Iowa,IA,CCSM4,6.09E-06,MentalHealth,5,,N/A,
Idaho,ID,CCSM4,8.05E-06,MentalHealth,5,,N/A,
Illinois,IL,CCSM4,4.32E-06,MentalHealth,5,,N/A,
Indiana,IN,CCSM4,5.92E-06,MentalHealth,5,,N/A,
Kansas,KS,CCSM4,5.82E-06,MentalHealth,5,,N/A,
Kentucky,KY,CCSM4,6.44E-06,MentalHealth,5,,N/A,
Louisiana,LA,CCSM4,4.52E-06,MentalHealth,5,,N/A,
Massachusetts,MA,CCSM4,3.10E-06,MentalHealth,5,,N/A,
Maryland,MD,CCSM4,3.68E-06,MentalHealth,5,,N/A,
Maine,ME,CCSM4,5.51E-06,MentalHealth,5,,N/A,
Michigan,MI,CCSM4,5.50E-06,MentalHealth,5,,N/A,
Minnesota,MN,CCSM4,5.48E-06,MentalHealth,5,,N/A,
Missouri,MO,CCSM4,6.48E-06,MentalHealth,5,,N/A,
Mississippi,MS,CCSM4,4.96E-06,MentalHealth,5,,N/A,
Montana,MT,CCSM4,9.33E-06,MentalHealth,5,,N/A,
North Carolina,NC,CCSM4,4.88E-06,MentalHealth,5,,N/A,
North Dakota,ND,CCSM4,6.53E-06,MentalHealth,5,,N/A,
Nebraska,NE,CCSM4,5.73E-06,MentalHealth,5,,N/A,
New Hampshire,NH,CCSM4,5.57E-06,MentalHealth,5,,N/A,
New Jersey,NJ,CCSM4,2.76E-06,MentalHealth,5,,N/A,
New Mexico,NM,CCSM4,7.46E-06,MentalHealth,5,,N/A,
Nevada,NV,CCSM4,5.74E-06,MentalHealth,5,,N/A,
New York,NY,CCSM4,2.97E-06,MentalHealth,5,,N/A,
Ohio,OH,CCSM4,5.38E-06,MentalHealth,5,,N/A,
Oklahoma,OK,CCSM4,5.93E-06,MentalHealth,5,,N/A,
Oregon,OR,CCSM4,3.70E-06,MentalHealth,5,,N/A,
Pennsylvania,PA,CCSM4,5.13E-06,MentalHealth,5,,N/A,
Rhode Island,RI,CCSM4,3.23E-06,MentalHealth,5,,N/A,
South Carolina,SC,CCSM4,5.11E-06,MentalHealth,5,,N/A,
South Dakota,SD,CCSM4,8.56E-06,MentalHealth,5,,N/A,
Tennessee,TN,CCSM4,6.16E-06,MentalHealth,5,,N/A,
Texas,TX,CCSM4,3.99E-06,MentalHealth,5,,N/A,
Utah,UT,CCSM4,7.75E-06,MentalHealth,5,,N/A,
Virginia,VA,CCSM4,4.69E-06,MentalHealth,5,,N/A,
Vermont,VT,CCSM4,5.78E-06,MentalHealth,5,,N/A,
Washington,WA,CCSM4,3.59E-06,MentalHealth,5,,N/A,
Wisconsin,WI,CCSM4,5.89E-06,MentalHealth,5,,N/A,
West Virginia,WV,CCSM4,6.22E-06,MentalHealth,5,,N/A,
Wyoming,WY,CCSM4,1.04E-05,MentalHealth,5,,N/A,
Alabama,AL,GFDL-CM3,1.60E-06,MentalHealth,1,,N/A,
Arkansas,AR,GFDL-CM3,2.13E-06,MentalHealth,1,,N/A,
Arizona,AZ,GFDL-CM3,4.87E-07,MentalHealth,1,,N/A,
California,CA,GFDL-CM3,3.96E-07,MentalHealth,1,,N/A,
Colorado,CO,GFDL-CM3,1.65E-06,MentalHealth,1,,N/A,
Connecticut,CT,GFDL-CM3,9.85E-07,MentalHealth,1,,N/A,
District of Columbia,DC,GFDL-CM3,9.08E-07,MentalHealth,1,,N/A,
Delaware,DE,GFDL-CM3,1.13E-06,MentalHealth,1,,N/A,
Florida,FL,GFDL-CM3,9.58E-07,MentalHealth,1,,N/A,
Georgia,GA,GFDL-CM3,1.48E-06,MentalHealth,1,,N/A,
Iowa,IA,GFDL-CM3,9.78E-07,MentalHealth,1,,N/A,
Idaho,ID,GFDL-CM3,1.35E-06,MentalHealth,1,,N/A,
Illinois,IL,GFDL-CM3,9.15E-07,MentalHealth,1,,N/A,
Indiana,IN,GFDL-CM3,1.33E-06,MentalHealth,1,,N/A,
Kansas,KS,GFDL-CM3,2.18E-06,MentalHealth,1,,N/A,
Kentucky,KY,GFDL-CM3,1.80E-06,MentalHealth,1,,N/A,
Louisiana,LA,GFDL-CM3,1.04E-06,MentalHealth,1,,N/A,
Massachusetts,MA,GFDL-CM3,9.52E-07,MentalHealth,1,,N/A,
Maryland,MD,GFDL-CM3,1.02E-06,MentalHealth,1,,N/A,
Maine,ME,GFDL-CM3,1.47E-06,MentalHealth,1,,N/A,
Michigan,MI,GFDL-CM3,1.22E-06,MentalHealth,1,,N/A,
Minnesota,MN,GFDL-CM3,9.23E-07,MentalHealth,1,,N/A,
Missouri,MO,GFDL-CM3,2.29E-06,MentalHealth,1,,N/A,
Mississippi,MS,GFDL-CM3,1.48E-06,MentalHealth,1,,N/A,
Montana,MT,GFDL-CM3,1.06E-06,MentalHealth,1,,N/A,
North Carolina,NC,GFDL-CM3,1.70E-06,MentalHealth,1,,N/A,
North Dakota,ND,GFDL-CM3,7.90E-07,MentalHealth,1,,N/A,
Nebraska,NE,GFDL-CM3,1.13E-06,MentalHealth,1,,N/A,
New Hampshire,NH,GFDL-CM3,1.51E-06,MentalHealth,1,,N/A,
New Jersey,NJ,GFDL-CM3,6.37E-07,MentalHealth,1,,N/A,
New Mexico,NM,GFDL-CM3,1.91E-06,MentalHealth,1,,N/A,
Nevada,NV,GFDL-CM3,7.17E-07,MentalHealth,1,,N/A,
New York,NY,GFDL-CM3,7.76E-07,MentalHealth,1,,N/A,
Ohio,OH,GFDL-CM3,1.24E-06,MentalHealth,1,,N/A,
Oklahoma,OK,GFDL-CM3,1.94E-06,MentalHealth,1,,N/A,
Oregon,OR,GFDL-CM3,6.69E-07,MentalHealth,1,,N/A,
Pennsylvania,PA,GFDL-CM3,1.37E-06,MentalHealth,1,,N/A,
Rhode Island,RI,GFDL-CM3,9.11E-07,MentalHealth,1,,N/A,
South Carolina,SC,GFDL-CM3,1.65E-06,MentalHealth,1,,N/A,
South Dakota,SD,GFDL-CM3,1.17E-06,MentalHealth,1,,N/A,
Tennessee,TN,GFDL-CM3,1.83E-06,MentalHealth,1,,N/A,
Texas,TX,GFDL-CM3,9.43E-07,MentalHealth,1,,N/A,
Utah,UT,GFDL-CM3,1.61E-06,MentalHealth,1,,N/A,
Virginia,VA,GFDL-CM3,1.52E-06,MentalHealth,1,,N/A,
Vermont,VT,GFDL-CM3,1.58E-06,MentalHealth,1,,N/A,
Washington,WA,GFDL-CM3,7.18E-07,MentalHealth,1,,N/A,
Wisconsin,WI,GFDL-CM3,1.18E-06,MentalHealth,1,,N/A,
West Virginia,WV,GFDL-CM3,1.41E-06,MentalHealth,1,,N/A,
Wyoming,WY,GFDL-CM3,1.40E-06,MentalHealth,1,,N/A,
Alabama,AL,GFDL-CM3,2.63E-06,MentalHealth,2,,N/A,
Arkansas,AR,GFDL-CM3,2.85E-06,MentalHealth,2,,N/A,
Arizona,AZ,GFDL-CM3,1.23E-06,MentalHealth,2,,N/A,
California,CA,GFDL-CM3,9.79E-07,MentalHealth,2,,N/A,
Colorado,CO,GFDL-CM3,3.29E-06,MentalHealth,2,,N/A,
Connecticut,CT,GFDL-CM3,1.61E-06,MentalHealth,2,,N/A,
District of Columbia,DC,GFDL-CM3,1.40E-06,MentalHealth,2,,N/A,
Delaware,DE,GFDL-CM3,2.11E-06,MentalHealth,2,,N/A,
Florida,FL,GFDL-CM3,2.13E-06,MentalHealth,2,,N/A,
Georgia,GA,GFDL-CM3,2.35E-06,MentalHealth,2,,N/A,
Iowa,IA,GFDL-CM3,2.21E-06,MentalHealth,2,,N/A,
Idaho,ID,GFDL-CM3,2.88E-06,MentalHealth,2,,N/A,
Illinois,IL,GFDL-CM3,1.81E-06,MentalHealth,2,,N/A,
Indiana,IN,GFDL-CM3,2.49E-06,MentalHealth,2,,N/A,
Kansas,KS,GFDL-CM3,3.01E-06,MentalHealth,2,,N/A,
Kentucky,KY,GFDL-CM3,3.17E-06,MentalHealth,2,,N/A,
Louisiana,LA,GFDL-CM3,1.90E-06,MentalHealth,2,,N/A,
Massachusetts,MA,GFDL-CM3,1.44E-06,MentalHealth,2,,N/A,
Maryland,MD,GFDL-CM3,1.84E-06,MentalHealth,2,,N/A,
Maine,ME,GFDL-CM3,2.78E-06,MentalHealth,2,,N/A,
Michigan,MI,GFDL-CM3,2.13E-06,MentalHealth,2,,N/A,
Minnesota,MN,GFDL-CM3,1.52E-06,MentalHealth,2,,N/A,
Missouri,MO,GFDL-CM3,3.38E-06,MentalHealth,2,,N/A,
Mississippi,MS,GFDL-CM3,2.39E-06,MentalHealth,2,,N/A,
Montana,MT,GFDL-CM3,2.78E-06,MentalHealth,2,,N/A,
North Carolina,NC,GFDL-CM3,2.40E-06,MentalHealth,2,,N/A,
North Dakota,ND,GFDL-CM3,1.29E-06,MentalHealth,2,,N/A,
Nebraska,NE,GFDL-CM3,2.23E-06,MentalHealth,2,,N/A,
New Hampshire,NH,GFDL-CM3,2.61E-06,MentalHealth,2,,N/A,
New Jersey,NJ,GFDL-CM3,1.28E-06,MentalHealth,2,,N/A,
New Mexico,NM,GFDL-CM3,3.71E-06,MentalHealth,2,,N/A,
Nevada,NV,GFDL-CM3,1.84E-06,MentalHealth,2,,N/A,
New York,NY,GFDL-CM3,1.42E-06,MentalHealth,2,,N/A,
Ohio,OH,GFDL-CM3,2.18E-06,MentalHealth,2,,N/A,
Oklahoma,OK,GFDL-CM3,2.61E-06,MentalHealth,2,,N/A,
Oregon,OR,GFDL-CM3,1.28E-06,MentalHealth,2,,N/A,
Pennsylvania,PA,GFDL-CM3,2.52E-06,MentalHealth,2,,N/A,
Rhode Island,RI,GFDL-CM3,1.41E-06,MentalHealth,2,,N/A,
South Carolina,SC,GFDL-CM3,2.56E-06,MentalHealth,2,,N/A,
South Dakota,SD,GFDL-CM3,2.58E-06,MentalHealth,2,,N/A,
Tennessee,TN,GFDL-CM3,2.87E-06,MentalHealth,2,,N/A,
Texas,TX,GFDL-CM3,1.67E-06,MentalHealth,2,,N/A,
Utah,UT,GFDL-CM3,3.40E-06,MentalHealth,2,,N/A,
Virginia,VA,GFDL-CM3,2.50E-06,MentalHealth,2,,N/A,
Vermont,VT,GFDL-CM3,3.00E-06,MentalHealth,2,,N/A,
Washington,WA,GFDL-CM3,1.29E-06,MentalHealth,2,,N/A,
Wisconsin,WI,GFDL-CM3,2.04E-06,MentalHealth,2,,N/A,
West Virginia,WV,GFDL-CM3,2.92E-06,MentalHealth,2,,N/A,
Wyoming,WY,GFDL-CM3,3.33E-06,MentalHealth,2,,N/A,
Alabama,AL,GFDL-CM3,3.59E-06,MentalHealth,3,,N/A,
Arkansas,AR,GFDL-CM3,3.60E-06,MentalHealth,3,,N/A,
Arizona,AZ,GFDL-CM3,2.78E-06,MentalHealth,3,,N/A,
California,CA,GFDL-CM3,1.93E-06,MentalHealth,3,,N/A,
Colorado,CO,GFDL-CM3,5.04E-06,MentalHealth,3,,N/A,
Connecticut,CT,GFDL-CM3,2.59E-06,MentalHealth,3,,N/A,
District of Columbia,DC,GFDL-CM3,1.79E-06,MentalHealth,3,,N/A,
Delaware,DE,GFDL-CM3,2.95E-06,MentalHealth,3,,N/A,
Florida,FL,GFDL-CM3,2.81E-06,MentalHealth,3,,N/A,
Georgia,GA,GFDL-CM3,3.20E-06,MentalHealth,3,,N/A,
Iowa,IA,GFDL-CM3,3.14E-06,MentalHealth,3,,N/A,
Idaho,ID,GFDL-CM3,4.87E-06,MentalHealth,3,,N/A,
Illinois,IL,GFDL-CM3,2.66E-06,MentalHealth,3,,N/A,
Indiana,IN,GFDL-CM3,3.70E-06,MentalHealth,3,,N/A,
Kansas,KS,GFDL-CM3,3.78E-06,MentalHealth,3,,N/A,
Kentucky,KY,GFDL-CM3,4.13E-06,MentalHealth,3,,N/A,
Louisiana,LA,GFDL-CM3,2.56E-06,MentalHealth,3,,N/A,
Massachusetts,MA,GFDL-CM3,2.27E-06,MentalHealth,3,,N/A,
Maryland,MD,GFDL-CM3,2.48E-06,MentalHealth,3,,N/A,
Maine,ME,GFDL-CM3,4.05E-06,MentalHealth,3,,N/A,
Michigan,MI,GFDL-CM3,3.02E-06,MentalHealth,3,,N/A,
Minnesota,MN,GFDL-CM3,2.27E-06,MentalHealth,3,,N/A,
Missouri,MO,GFDL-CM3,4.13E-06,MentalHealth,3,,N/A,
Mississippi,MS,GFDL-CM3,3.11E-06,MentalHealth,3,,N/A,
Montana,MT,GFDL-CM3,5.10E-06,MentalHealth,3,,N/A,
North Carolina,NC,GFDL-CM3,3.42E-06,MentalHealth,3,,N/A,
North Dakota,ND,GFDL-CM3,2.57E-06,MentalHealth,3,,N/A,
Nebraska,NE,GFDL-CM3,3.12E-06,MentalHealth,3,,N/A,
New Hampshire,NH,GFDL-CM3,3.91E-06,MentalHealth,3,,N/A,
New Jersey,NJ,GFDL-CM3,1.92E-06,MentalHealth,3,,N/A,
New Mexico,NM,GFDL-CM3,5.49E-06,MentalHealth,3,,N/A,
Nevada,NV,GFDL-CM3,3.23E-06,MentalHealth,3,,N/A,
New York,NY,GFDL-CM3,2.12E-06,MentalHealth,3,,N/A,
Ohio,OH,GFDL-CM3,3.43E-06,MentalHealth,3,,N/A,
Oklahoma,OK,GFDL-CM3,3.49E-06,MentalHealth,3,,N/A,
Oregon,OR,GFDL-CM3,2.34E-06,MentalHealth,3,,N/A,
Pennsylvania,PA,GFDL-CM3,3.55E-06,MentalHealth,3,,N/A,
Rhode Island,RI,GFDL-CM3,2.34E-06,MentalHealth,3,,N/A,
South Carolina,SC,GFDL-CM3,3.52E-06,MentalHealth,3,,N/A,
South Dakota,SD,GFDL-CM3,4.09E-06,MentalHealth,3,,N/A,
Tennessee,TN,GFDL-CM3,3.91E-06,MentalHealth,3,,N/A,
Texas,TX,GFDL-CM3,2.35E-06,MentalHealth,3,,N/A,
Utah,UT,GFDL-CM3,5.37E-06,MentalHealth,3,,N/A,
Virginia,VA,GFDL-CM3,3.35E-06,MentalHealth,3,,N/A,
Vermont,VT,GFDL-CM3,4.28E-06,MentalHealth,3,,N/A,
Washington,WA,GFDL-CM3,2.32E-06,MentalHealth,3,,N/A,
Wisconsin,WI,GFDL-CM3,2.85E-06,MentalHealth,3,,N/A,
West Virginia,WV,GFDL-CM3,4.34E-06,MentalHealth,3,,N/A,
Wyoming,WY,GFDL-CM3,5.65E-06,MentalHealth,3,,N/A,
Alabama,AL,GFDL-CM3,4.48E-06,MentalHealth,4,,N/A,
Arkansas,AR,GFDL-CM3,4.78E-06,MentalHealth,4,,N/A,
Arizona,AZ,GFDL-CM3,4.12E-06,MentalHealth,4,,N/A,
California,CA,GFDL-CM3,2.57E-06,MentalHealth,4,,N/A,
Colorado,CO,GFDL-CM3,6.71E-06,MentalHealth,4,,N/A,
Connecticut,CT,GFDL-CM3,3.56E-06,MentalHealth,4,,N/A,
District of Columbia,DC,GFDL-CM3,2.42E-06,MentalHealth,4,,N/A,
Delaware,DE,GFDL-CM3,4.07E-06,MentalHealth,4,,N/A,
Florida,FL,GFDL-CM3,3.88E-06,MentalHealth,4,,N/A,
Georgia,GA,GFDL-CM3,4.01E-06,MentalHealth,4,,N/A,
Iowa,IA,GFDL-CM3,4.32E-06,MentalHealth,4,,N/A,
Idaho,ID,GFDL-CM3,6.31E-06,MentalHealth,4,,N/A,
Illinois,IL,GFDL-CM3,3.58E-06,MentalHealth,4,,N/A,
Indiana,IN,GFDL-CM3,5.02E-06,MentalHealth,4,,N/A,
Kansas,KS,GFDL-CM3,4.68E-06,MentalHealth,4,,N/A,
Kentucky,KY,GFDL-CM3,5.30E-06,MentalHealth,4,,N/A,
Louisiana,LA,GFDL-CM3,3.34E-06,MentalHealth,4,,N/A,
Massachusetts,MA,GFDL-CM3,3.21E-06,MentalHealth,4,,N/A,
Maryland,MD,GFDL-CM3,3.36E-06,MentalHealth,4,,N/A,
Maine,ME,GFDL-CM3,5.74E-06,MentalHealth,4,,N/A,
Michigan,MI,GFDL-CM3,4.59E-06,MentalHealth,4,,N/A,
Minnesota,MN,GFDL-CM3,3.36E-06,MentalHealth,4,,N/A,
Missouri,MO,GFDL-CM3,5.28E-06,MentalHealth,4,,N/A,
Mississippi,MS,GFDL-CM3,3.96E-06,MentalHealth,4,,N/A,
Montana,MT,GFDL-CM3,6.27E-06,MentalHealth,4,,N/A,
North Carolina,NC,GFDL-CM3,4.38E-06,MentalHealth,4,,N/A,
North Dakota,ND,GFDL-CM3,3.25E-06,MentalHealth,4,,N/A,
Nebraska,NE,GFDL-CM3,4.22E-06,MentalHealth,4,,N/A,
New Hampshire,NH,GFDL-CM3,5.73E-06,MentalHealth,4,,N/A,
New Jersey,NJ,GFDL-CM3,2.57E-06,MentalHealth,4,,N/A,
New Mexico,NM,GFDL-CM3,7.35E-06,MentalHealth,4,,N/A,
Nevada,NV,GFDL-CM3,4.32E-06,MentalHealth,4,,N/A,
New York,NY,GFDL-CM3,2.91E-06,MentalHealth,4,,N/A,
Ohio,OH,GFDL-CM3,4.71E-06,MentalHealth,4,,N/A,
Oklahoma,OK,GFDL-CM3,4.54E-06,MentalHealth,4,,N/A,
Oregon,OR,GFDL-CM3,3.13E-06,MentalHealth,4,,N/A,
Pennsylvania,PA,GFDL-CM3,4.85E-06,MentalHealth,4,,N/A,
Rhode Island,RI,GFDL-CM3,3.34E-06,MentalHealth,4,,N/A,
South Carolina,SC,GFDL-CM3,4.41E-06,MentalHealth,4,,N/A,
South Dakota,SD,GFDL-CM3,5.01E-06,MentalHealth,4,,N/A,
Tennessee,TN,GFDL-CM3,5.10E-06,MentalHealth,4,,N/A,
Texas,TX,GFDL-CM3,3.02E-06,MentalHealth,4,,N/A,
Utah,UT,GFDL-CM3,6.75E-06,MentalHealth,4,,N/A,
Virginia,VA,GFDL-CM3,4.41E-06,MentalHealth,4,,N/A,
Vermont,VT,GFDL-CM3,6.02E-06,MentalHealth,4,,N/A,
Washington,WA,GFDL-CM3,2.92E-06,MentalHealth,4,,N/A,
Wisconsin,WI,GFDL-CM3,4.29E-06,MentalHealth,4,,N/A,
West Virginia,WV,GFDL-CM3,5.84E-06,MentalHealth,4,,N/A,
Wyoming,WY,GFDL-CM3,6.72E-06,MentalHealth,4,,N/A,
Alabama,AL,GFDL-CM3,5.34E-06,MentalHealth,5,,N/A,
Arkansas,AR,GFDL-CM3,5.82E-06,MentalHealth,5,,N/A,
Arizona,AZ,GFDL-CM3,5.05E-06,MentalHealth,5,,N/A,
California,CA,GFDL-CM3,3.17E-06,MentalHealth,5,,N/A,
Colorado,CO,GFDL-CM3,8.16E-06,MentalHealth,5,,N/A,
Connecticut,CT,GFDL-CM3,4.18E-06,MentalHealth,5,,N/A,
District of Columbia,DC,GFDL-CM3,2.75E-06,MentalHealth,5,,N/A,
Delaware,DE,GFDL-CM3,4.79E-06,MentalHealth,5,,N/A,
Florida,FL,GFDL-CM3,4.35E-06,MentalHealth,5,,N/A,
Georgia,GA,GFDL-CM3,4.80E-06,MentalHealth,5,,N/A,
Iowa,IA,GFDL-CM3,5.78E-06,MentalHealth,5,,N/A,
Idaho,ID,GFDL-CM3,7.62E-06,MentalHealth,5,,N/A,
Illinois,IL,GFDL-CM3,4.55E-06,MentalHealth,5,,N/A,
Indiana,IN,GFDL-CM3,6.30E-06,MentalHealth,5,,N/A,
Kansas,KS,GFDL-CM3,6.21E-06,MentalHealth,5,,N/A,
Kentucky,KY,GFDL-CM3,6.26E-06,MentalHealth,5,,N/A,
Louisiana,LA,GFDL-CM3,4.08E-06,MentalHealth,5,,N/A,
Massachusetts,MA,GFDL-CM3,3.80E-06,MentalHealth,5,,N/A,
Maryland,MD,GFDL-CM3,3.91E-06,MentalHealth,5,,N/A,
Maine,ME,GFDL-CM3,7.23E-06,MentalHealth,5,,N/A,
Michigan,MI,GFDL-CM3,6.00E-06,MentalHealth,5,,N/A,
Minnesota,MN,GFDL-CM3,4.96E-06,MentalHealth,5,,N/A,
Missouri,MO,GFDL-CM3,6.64E-06,MentalHealth,5,,N/A,
Mississippi,MS,GFDL-CM3,4.70E-06,MentalHealth,5,,N/A,
Montana,MT,GFDL-CM3,8.23E-06,MentalHealth,5,,N/A,
North Carolina,NC,GFDL-CM3,5.14E-06,MentalHealth,5,,N/A,
North Dakota,ND,GFDL-CM3,5.40E-06,MentalHealth,5,,N/A,
Nebraska,NE,GFDL-CM3,5.57E-06,MentalHealth,5,,N/A,
New Hampshire,NH,GFDL-CM3,6.98E-06,MentalHealth,5,,N/A,
New Jersey,NJ,GFDL-CM3,3.02E-06,MentalHealth,5,,N/A,
New Mexico,NM,GFDL-CM3,8.38E-06,MentalHealth,5,,N/A,
Nevada,NV,GFDL-CM3,5.51E-06,MentalHealth,5,,N/A,
New York,NY,GFDL-CM3,3.47E-06,MentalHealth,5,,N/A,
Ohio,OH,GFDL-CM3,5.77E-06,MentalHealth,5,,N/A,
Oklahoma,OK,GFDL-CM3,5.95E-06,MentalHealth,5,,N/A,
Oregon,OR,GFDL-CM3,3.68E-06,MentalHealth,5,,N/A,
Pennsylvania,PA,GFDL-CM3,5.69E-06,MentalHealth,5,,N/A,
Rhode Island,RI,GFDL-CM3,4.09E-06,MentalHealth,5,,N/A,
South Carolina,SC,GFDL-CM3,5.27E-06,MentalHealth,5,,N/A,
South Dakota,SD,GFDL-CM3,7.38E-06,MentalHealth,5,,N/A,
Tennessee,TN,GFDL-CM3,5.98E-06,MentalHealth,5,,N/A,
Texas,TX,GFDL-CM3,3.86E-06,MentalHealth,5,,N/A,
Utah,UT,GFDL-CM3,7.99E-06,MentalHealth,5,,N/A,
Virginia,VA,GFDL-CM3,5.08E-06,MentalHealth,5,,N/A,
Vermont,VT,GFDL-CM3,7.73E-06,MentalHealth,5,,N/A,
Washington,WA,GFDL-CM3,3.42E-06,MentalHealth,5,,N/A,
Wisconsin,WI,GFDL-CM3,6.05E-06,MentalHealth,5,,N/A,
West Virginia,WV,GFDL-CM3,6.79E-06,MentalHealth,5,,N/A,
Wyoming,WY,GFDL-CM3,9.12E-06,MentalHealth,5,,N/A,
Alabama,AL,GFDL-CM3,6.13E-06,MentalHealth,6,,N/A,
Arkansas,AR,GFDL-CM3,6.65E-06,MentalHealth,6,,N/A,
Arizona,AZ,GFDL-CM3,6.39E-06,MentalHealth,6,,N/A,
California,CA,GFDL-CM3,3.83E-06,MentalHealth,6,,N/A,
Colorado,CO,GFDL-CM3,9.33E-06,MentalHealth,6,,N/A,
Connecticut,CT,GFDL-CM3,4.82E-06,MentalHealth,6,,N/A,
District of Columbia,DC,GFDL-CM3,3.15E-06,MentalHealth,6,,N/A,
Delaware,DE,GFDL-CM3,5.59E-06,MentalHealth,6,,N/A,
Florida,FL,GFDL-CM3,5.45E-06,MentalHealth,6,,N/A,
Georgia,GA,GFDL-CM3,5.53E-06,MentalHealth,6,,N/A,
Iowa,IA,GFDL-CM3,6.74E-06,MentalHealth,6,,N/A,
Idaho,ID,GFDL-CM3,9.00E-06,MentalHealth,6,,N/A,
Illinois,IL,GFDL-CM3,5.19E-06,MentalHealth,6,,N/A,
Indiana,IN,GFDL-CM3,7.15E-06,MentalHealth,6,,N/A,
Kansas,KS,GFDL-CM3,6.83E-06,MentalHealth,6,,N/A,
Kentucky,KY,GFDL-CM3,7.28E-06,MentalHealth,6,,N/A,
Louisiana,LA,GFDL-CM3,4.81E-06,MentalHealth,6,,N/A,
Massachusetts,MA,GFDL-CM3,4.39E-06,MentalHealth,6,,N/A,
Maryland,MD,GFDL-CM3,4.53E-06,MentalHealth,6,,N/A,
Maine,ME,GFDL-CM3,9.05E-06,MentalHealth,6,,N/A,
Michigan,MI,GFDL-CM3,7.08E-06,MentalHealth,6,,N/A,
Minnesota,MN,GFDL-CM3,5.96E-06,MentalHealth,6,,N/A,
Missouri,MO,GFDL-CM3,7.28E-06,MentalHealth,6,,N/A,
Mississippi,MS,GFDL-CM3,5.39E-06,MentalHealth,6,,N/A,
Montana,MT,GFDL-CM3,1.04E-05,MentalHealth,6,,N/A,
North Carolina,NC,GFDL-CM3,5.90E-06,MentalHealth,6,,N/A,
North Dakota,ND,GFDL-CM3,6.81E-06,MentalHealth,6,,N/A,
Nebraska,NE,GFDL-CM3,6.35E-06,MentalHealth,6,,N/A,
New Hampshire,NH,GFDL-CM3,8.34E-06,MentalHealth,6,,N/A,
New Jersey,NJ,GFDL-CM3,3.52E-06,MentalHealth,6,,N/A,
New Mexico,NM,GFDL-CM3,9.50E-06,MentalHealth,6,,N/A,
Nevada,NV,GFDL-CM3,7.14E-06,MentalHealth,6,,N/A,
New York,NY,GFDL-CM3,4.03E-06,MentalHealth,6,,N/A,
Ohio,OH,GFDL-CM3,6.70E-06,MentalHealth,6,,N/A,
Oklahoma,OK,GFDL-CM3,6.79E-06,MentalHealth,6,,N/A,
Oregon,OR,GFDL-CM3,4.85E-06,MentalHealth,6,,N/A,
Pennsylvania,PA,GFDL-CM3,6.70E-06,MentalHealth,6,,N/A,
Rhode Island,RI,GFDL-CM3,4.75E-06,MentalHealth,6,,N/A,
South Carolina,SC,GFDL-CM3,6.08E-06,MentalHealth,6,,N/A,
South Dakota,SD,GFDL-CM3,8.57E-06,MentalHealth,6,,N/A,
Tennessee,TN,GFDL-CM3,6.89E-06,MentalHealth,6,,N/A,
Texas,TX,GFDL-CM3,4.42E-06,MentalHealth,6,,N/A,
Utah,UT,GFDL-CM3,9.39E-06,MentalHealth,6,,N/A,
Virginia,VA,GFDL-CM3,5.86E-06,MentalHealth,6,,N/A,
Vermont,VT,GFDL-CM3,9.60E-06,MentalHealth,6,,N/A,
Washington,WA,GFDL-CM3,4.19E-06,MentalHealth,6,,N/A,
Wisconsin,WI,GFDL-CM3,7.23E-06,MentalHealth,6,,N/A,
West Virginia,WV,GFDL-CM3,8.12E-06,MentalHealth,6,,N/A,
Wyoming,WY,GFDL-CM3,1.15E-05,MentalHealth,6,,N/A,
Alabama,AL,GISS-E2-R,1.16E-06,MentalHealth,1,,N/A,
Arkansas,AR,GISS-E2-R,1.27E-06,MentalHealth,1,,N/A,
Arizona,AZ,GISS-E2-R,3.71E-07,MentalHealth,1,,N/A,
California,CA,GISS-E2-R,3.88E-07,MentalHealth,1,,N/A,
Colorado,CO,GISS-E2-R,1.47E-06,MentalHealth,1,,N/A,
Connecticut,CT,GISS-E2-R,7.82E-07,MentalHealth,1,,N/A,
District of Columbia,DC,GISS-E2-R,6.27E-07,MentalHealth,1,,N/A,
Delaware,DE,GISS-E2-R,8.81E-07,MentalHealth,1,,N/A,
Florida,FL,GISS-E2-R,8.62E-07,MentalHealth,1,,N/A,
Georgia,GA,GISS-E2-R,8.33E-07,MentalHealth,1,,N/A,
Iowa,IA,GISS-E2-R,1.00E-06,MentalHealth,1,,N/A,
Idaho,ID,GISS-E2-R,1.32E-06,MentalHealth,1,,N/A,
Illinois,IL,GISS-E2-R,7.94E-07,MentalHealth,1,,N/A,
Indiana,IN,GISS-E2-R,1.12E-06,MentalHealth,1,,N/A,
Kansas,KS,GISS-E2-R,1.59E-06,MentalHealth,1,,N/A,
Kentucky,KY,GISS-E2-R,1.03E-06,MentalHealth,1,,N/A,
Louisiana,LA,GISS-E2-R,6.96E-07,MentalHealth,1,,N/A,
Massachusetts,MA,GISS-E2-R,7.65E-07,MentalHealth,1,,N/A,
Maryland,MD,GISS-E2-R,7.42E-07,MentalHealth,1,,N/A,
Maine,ME,GISS-E2-R,1.20E-06,MentalHealth,1,,N/A,
Michigan,MI,GISS-E2-R,1.19E-06,MentalHealth,1,,N/A,
Minnesota,MN,GISS-E2-R,9.26E-07,MentalHealth,1,,N/A,
Missouri,MO,GISS-E2-R,1.37E-06,MentalHealth,1,,N/A,
Mississippi,MS,GISS-E2-R,1.08E-06,MentalHealth,1,,N/A,
Montana,MT,GISS-E2-R,1.36E-06,MentalHealth,1,,N/A,
North Carolina,NC,GISS-E2-R,9.20E-07,MentalHealth,1,,N/A,
North Dakota,ND,GISS-E2-R,1.08E-06,MentalHealth,1,,N/A,
Nebraska,NE,GISS-E2-R,9.29E-07,MentalHealth,1,,N/A,
New Hampshire,NH,GISS-E2-R,1.10E-06,MentalHealth,1,,N/A,
New Jersey,NJ,GISS-E2-R,5.99E-07,MentalHealth,1,,N/A,
New Mexico,NM,GISS-E2-R,1.06E-06,MentalHealth,1,,N/A,
Nevada,NV,GISS-E2-R,7.89E-07,MentalHealth,1,,N/A,
New York,NY,GISS-E2-R,6.70E-07,MentalHealth,1,,N/A,
Ohio,OH,GISS-E2-R,1.04E-06,MentalHealth,1,,N/A,
Oklahoma,OK,GISS-E2-R,1.37E-06,MentalHealth,1,,N/A,
Oregon,OR,GISS-E2-R,6.15E-07,MentalHealth,1,,N/A,
Pennsylvania,PA,GISS-E2-R,1.13E-06,MentalHealth,1,,N/A,
Rhode Island,RI,GISS-E2-R,8.17E-07,MentalHealth,1,,N/A,
South Carolina,SC,GISS-E2-R,9.84E-07,MentalHealth,1,,N/A,
South Dakota,SD,GISS-E2-R,1.33E-06,MentalHealth,1,,N/A,
Tennessee,TN,GISS-E2-R,1.09E-06,MentalHealth,1,,N/A,
Texas,TX,GISS-E2-R,5.62E-07,MentalHealth,1,,N/A,
Utah,UT,GISS-E2-R,1.12E-06,MentalHealth,1,,N/A,
Virginia,VA,GISS-E2-R,9.45E-07,MentalHealth,1,,N/A,
Vermont,VT,GISS-E2-R,1.28E-06,MentalHealth,1,,N/A,
Washington,WA,GISS-E2-R,8.18E-07,MentalHealth,1,,N/A,
Wisconsin,WI,GISS-E2-R,1.02E-06,MentalHealth,1,,N/A,
West Virginia,WV,GISS-E2-R,1.04E-06,MentalHealth,1,,N/A,
Wyoming,WY,GISS-E2-R,1.57E-06,MentalHealth,1,,N/A,
Alabama,AL,GISS-E2-R,2.41E-06,MentalHealth,2,,N/A,
Arkansas,AR,GISS-E2-R,2.33E-06,MentalHealth,2,,N/A,
Arizona,AZ,GISS-E2-R,1.61E-06,MentalHealth,2,,N/A,
California,CA,GISS-E2-R,1.12E-06,MentalHealth,2,,N/A,
Colorado,CO,GISS-E2-R,2.61E-06,MentalHealth,2,,N/A,
Connecticut,CT,GISS-E2-R,1.69E-06,MentalHealth,2,,N/A,
District of Columbia,DC,GISS-E2-R,1.22E-06,MentalHealth,2,,N/A,
Delaware,DE,GISS-E2-R,1.81E-06,MentalHealth,2,,N/A,
Florida,FL,GISS-E2-R,2.07E-06,MentalHealth,2,,N/A,
Georgia,GA,GISS-E2-R,2.10E-06,MentalHealth,2,,N/A,
Iowa,IA,GISS-E2-R,2.13E-06,MentalHealth,2,,N/A,
Idaho,ID,GISS-E2-R,2.49E-06,MentalHealth,2,,N/A,
Illinois,IL,GISS-E2-R,1.93E-06,MentalHealth,2,,N/A,
Indiana,IN,GISS-E2-R,2.52E-06,MentalHealth,2,,N/A,
Kansas,KS,GISS-E2-R,2.77E-06,MentalHealth,2,,N/A,
Kentucky,KY,GISS-E2-R,2.35E-06,MentalHealth,2,,N/A,
Louisiana,LA,GISS-E2-R,1.70E-06,MentalHealth,2,,N/A,
Massachusetts,MA,GISS-E2-R,1.47E-06,MentalHealth,2,,N/A,
Maryland,MD,GISS-E2-R,1.61E-06,MentalHealth,2,,N/A,
Maine,ME,GISS-E2-R,2.49E-06,MentalHealth,2,,N/A,
Michigan,MI,GISS-E2-R,2.69E-06,MentalHealth,2,,N/A,
Minnesota,MN,GISS-E2-R,1.72E-06,MentalHealth,2,,N/A,
Missouri,MO,GISS-E2-R,2.87E-06,MentalHealth,2,,N/A,
Mississippi,MS,GISS-E2-R,2.05E-06,MentalHealth,2,,N/A,
Montana,MT,GISS-E2-R,2.48E-06,MentalHealth,2,,N/A,
North Carolina,NC,GISS-E2-R,2.25E-06,MentalHealth,2,,N/A,
North Dakota,ND,GISS-E2-R,1.78E-06,MentalHealth,2,,N/A,
Nebraska,NE,GISS-E2-R,1.85E-06,MentalHealth,2,,N/A,
New Hampshire,NH,GISS-E2-R,2.52E-06,MentalHealth,2,,N/A,
New Jersey,NJ,GISS-E2-R,1.12E-06,MentalHealth,2,,N/A,
New Mexico,NM,GISS-E2-R,3.38E-06,MentalHealth,2,,N/A,
Nevada,NV,GISS-E2-R,2.04E-06,MentalHealth,2,,N/A,
New York,NY,GISS-E2-R,1.34E-06,MentalHealth,2,,N/A,
Ohio,OH,GISS-E2-R,2.31E-06,MentalHealth,2,,N/A,
Oklahoma,OK,GISS-E2-R,2.55E-06,MentalHealth,2,,N/A,
Oregon,OR,GISS-E2-R,1.23E-06,MentalHealth,2,,N/A,
Pennsylvania,PA,GISS-E2-R,2.37E-06,MentalHealth,2,,N/A,
Rhode Island,RI,GISS-E2-R,1.49E-06,MentalHealth,2,,N/A,
South Carolina,SC,GISS-E2-R,2.39E-06,MentalHealth,2,,N/A,
South Dakota,SD,GISS-E2-R,2.37E-06,MentalHealth,2,,N/A,
Tennessee,TN,GISS-E2-R,2.32E-06,MentalHealth,2,,N/A,
Texas,TX,GISS-E2-R,1.48E-06,MentalHealth,2,,N/A,
Utah,UT,GISS-E2-R,2.98E-06,MentalHealth,2,,N/A,
Virginia,VA,GISS-E2-R,2.08E-06,MentalHealth,2,,N/A,
Vermont,VT,GISS-E2-R,2.67E-06,MentalHealth,2,,N/A,
Washington,WA,GISS-E2-R,1.38E-06,MentalHealth,2,,N/A,
Wisconsin,WI,GISS-E2-R,2.45E-06,MentalHealth,2,,N/A,
West Virginia,WV,GISS-E2-R,2.45E-06,MentalHealth,2,,N/A,
Wyoming,WY,GISS-E2-R,2.76E-06,MentalHealth,2,,N/A,
Alabama,AL,GISS-E2-R,3.60E-06,MentalHealth,3,,N/A,
Arkansas,AR,GISS-E2-R,4.08E-06,MentalHealth,3,,N/A,
Arizona,AZ,GISS-E2-R,2.78E-06,MentalHealth,3,,N/A,
California,CA,GISS-E2-R,1.77E-06,MentalHealth,3,,N/A,
Colorado,CO,GISS-E2-R,4.76E-06,MentalHealth,3,,N/A,
Connecticut,CT,GISS-E2-R,2.26E-06,MentalHealth,3,,N/A,
District of Columbia,DC,GISS-E2-R,2.07E-06,MentalHealth,3,,N/A,
Delaware,DE,GISS-E2-R,3.23E-06,MentalHealth,3,,N/A,
Florida,FL,GISS-E2-R,3.00E-06,MentalHealth,3,,N/A,
Georgia,GA,GISS-E2-R,3.17E-06,MentalHealth,3,,N/A,
Iowa,IA,GISS-E2-R,3.81E-06,MentalHealth,3,,N/A,
Idaho,ID,GISS-E2-R,3.70E-06,MentalHealth,3,,N/A,
Illinois,IL,GISS-E2-R,3.08E-06,MentalHealth,3,,N/A,
Indiana,IN,GISS-E2-R,4.00E-06,MentalHealth,3,,N/A,
Kansas,KS,GISS-E2-R,4.50E-06,MentalHealth,3,,N/A,
Kentucky,KY,GISS-E2-R,4.24E-06,MentalHealth,3,,N/A,
Louisiana,LA,GISS-E2-R,2.57E-06,MentalHealth,3,,N/A,
Massachusetts,MA,GISS-E2-R,1.91E-06,MentalHealth,3,,N/A,
Maryland,MD,GISS-E2-R,2.77E-06,MentalHealth,3,,N/A,
Maine,ME,GISS-E2-R,3.42E-06,MentalHealth,3,,N/A,
Michigan,MI,GISS-E2-R,3.80E-06,MentalHealth,3,,N/A,
Minnesota,MN,GISS-E2-R,3.01E-06,MentalHealth,3,,N/A,
Missouri,MO,GISS-E2-R,4.89E-06,MentalHealth,3,,N/A,
Mississippi,MS,GISS-E2-R,3.10E-06,MentalHealth,3,,N/A,
Montana,MT,GISS-E2-R,4.06E-06,MentalHealth,3,,N/A,
North Carolina,NC,GISS-E2-R,3.50E-06,MentalHealth,3,,N/A,
North Dakota,ND,GISS-E2-R,3.21E-06,MentalHealth,3,,N/A,
Nebraska,NE,GISS-E2-R,3.78E-06,MentalHealth,3,,N/A,
New Hampshire,NH,GISS-E2-R,3.41E-06,MentalHealth,3,,N/A,
New Jersey,NJ,GISS-E2-R,1.92E-06,MentalHealth,3,,N/A,
New Mexico,NM,GISS-E2-R,5.56E-06,MentalHealth,3,,N/A,
Nevada,NV,GISS-E2-R,3.18E-06,MentalHealth,3,,N/A,
New York,NY,GISS-E2-R,2.01E-06,MentalHealth,3,,N/A,
Ohio,OH,GISS-E2-R,3.50E-06,MentalHealth,3,,N/A,
Oklahoma,OK,GISS-E2-R,3.95E-06,MentalHealth,3,,N/A,
Oregon,OR,GISS-E2-R,1.66E-06,MentalHealth,3,,N/A,
Pennsylvania,PA,GISS-E2-R,3.53E-06,MentalHealth,3,,N/A,
Rhode Island,RI,GISS-E2-R,1.89E-06,MentalHealth,3,,N/A,
South Carolina,SC,GISS-E2-R,3.59E-06,MentalHealth,3,,N/A,
South Dakota,SD,GISS-E2-R,4.65E-06,MentalHealth,3,,N/A,
Tennessee,TN,GISS-E2-R,4.08E-06,MentalHealth,3,,N/A,
Texas,TX,GISS-E2-R,2.25E-06,MentalHealth,3,,N/A,
Utah,UT,GISS-E2-R,4.70E-06,MentalHealth,3,,N/A,
Virginia,VA,GISS-E2-R,3.48E-06,MentalHealth,3,,N/A,
Vermont,VT,GISS-E2-R,3.94E-06,MentalHealth,3,,N/A,
Washington,WA,GISS-E2-R,1.80E-06,MentalHealth,3,,N/A,
Wisconsin,WI,GISS-E2-R,3.53E-06,MentalHealth,3,,N/A,
West Virginia,WV,GISS-E2-R,3.69E-06,MentalHealth,3,,N/A,
Wyoming,WY,GISS-E2-R,4.80E-06,MentalHealth,3,,N/A,
Alabama,AL,HadGEM2-ES,2.07E-06,MentalHealth,1,,N/A,
Arkansas,AR,HadGEM2-ES,2.05E-06,MentalHealth,1,,N/A,
Arizona,AZ,HadGEM2-ES,2.13E-07,MentalHealth,1,,N/A,
California,CA,HadGEM2-ES,2.87E-07,MentalHealth,1,,N/A,
Colorado,CO,HadGEM2-ES,9.15E-07,MentalHealth,1,,N/A,
Connecticut,CT,HadGEM2-ES,4.78E-07,MentalHealth,1,,N/A,
District of Columbia,DC,HadGEM2-ES,7.62E-07,MentalHealth,1,,N/A,
Delaware,DE,HadGEM2-ES,8.30E-07,MentalHealth,1,,N/A,
Florida,FL,HadGEM2-ES,1.21E-06,MentalHealth,1,,N/A,
Georgia,GA,HadGEM2-ES,1.59E-06,MentalHealth,1,,N/A,
Iowa,IA,HadGEM2-ES,1.33E-06,MentalHealth,1,,N/A,
Idaho,ID,HadGEM2-ES,1.21E-06,MentalHealth,1,,N/A,
Illinois,IL,HadGEM2-ES,1.07E-06,MentalHealth,1,,N/A,
Indiana,IN,HadGEM2-ES,1.59E-06,MentalHealth,1,,N/A,
Kansas,KS,HadGEM2-ES,2.01E-06,MentalHealth,1,,N/A,
Kentucky,KY,HadGEM2-ES,2.21E-06,MentalHealth,1,,N/A,
Louisiana,LA,HadGEM2-ES,1.16E-06,MentalHealth,1,,N/A,
Massachusetts,MA,HadGEM2-ES,6.35E-07,MentalHealth,1,,N/A,
Maryland,MD,HadGEM2-ES,9.17E-07,MentalHealth,1,,N/A,
Maine,ME,HadGEM2-ES,1.23E-06,MentalHealth,1,,N/A,
Michigan,MI,HadGEM2-ES,1.32E-06,MentalHealth,1,,N/A,
Minnesota,MN,HadGEM2-ES,9.60E-07,MentalHealth,1,,N/A,
Missouri,MO,HadGEM2-ES,2.34E-06,MentalHealth,1,,N/A,
Mississippi,MS,HadGEM2-ES,1.78E-06,MentalHealth,1,,N/A,
Montana,MT,HadGEM2-ES,1.49E-06,MentalHealth,1,,N/A,
North Carolina,NC,HadGEM2-ES,1.48E-06,MentalHealth,1,,N/A,
North Dakota,ND,HadGEM2-ES,9.63E-07,MentalHealth,1,,N/A,
Nebraska,NE,HadGEM2-ES,1.26E-06,MentalHealth,1,,N/A,
New Hampshire,NH,HadGEM2-ES,1.28E-06,MentalHealth,1,,N/A,
New Jersey,NJ,HadGEM2-ES,4.23E-07,MentalHealth,1,,N/A,
New Mexico,NM,HadGEM2-ES,1.25E-06,MentalHealth,1,,N/A,
Nevada,NV,HadGEM2-ES,6.54E-07,MentalHealth,1,,N/A,
New York,NY,HadGEM2-ES,5.00E-07,MentalHealth,1,,N/A,
Ohio,OH,HadGEM2-ES,1.47E-06,MentalHealth,1,,N/A,
Oklahoma,OK,HadGEM2-ES,1.71E-06,MentalHealth,1,,N/A,
Oregon,OR,HadGEM2-ES,8.57E-07,MentalHealth,1,,N/A,
Pennsylvania,PA,HadGEM2-ES,1.35E-06,MentalHealth,1,,N/A,
Rhode Island,RI,HadGEM2-ES,3.56E-07,MentalHealth,1,,N/A,
South Carolina,SC,HadGEM2-ES,1.55E-06,MentalHealth,1,,N/A,
South Dakota,SD,HadGEM2-ES,1.57E-06,MentalHealth,1,,N/A,
Tennessee,TN,HadGEM2-ES,2.13E-06,MentalHealth,1,,N/A,
Texas,TX,HadGEM2-ES,7.89E-07,MentalHealth,1,,N/A,
Utah,UT,HadGEM2-ES,1.06E-06,MentalHealth,1,,N/A,
Virginia,VA,HadGEM2-ES,1.31E-06,MentalHealth,1,,N/A,
Vermont,VT,HadGEM2-ES,1.38E-06,MentalHealth,1,,N/A,
Washington,WA,HadGEM2-ES,1.03E-06,MentalHealth,1,,N/A,
Wisconsin,WI,HadGEM2-ES,1.18E-06,MentalHealth,1,,N/A,
West Virginia,WV,HadGEM2-ES,1.70E-06,MentalHealth,1,,N/A,
Wyoming,WY,HadGEM2-ES,1.34E-06,MentalHealth,1,,N/A,
Alabama,AL,HadGEM2-ES,2.66E-06,MentalHealth,2,,N/A,
Arkansas,AR,HadGEM2-ES,2.90E-06,MentalHealth,2,,N/A,
Arizona,AZ,HadGEM2-ES,1.26E-06,MentalHealth,2,,N/A,
California,CA,HadGEM2-ES,9.27E-07,MentalHealth,2,,N/A,
Colorado,CO,HadGEM2-ES,2.86E-06,MentalHealth,2,,N/A,
Connecticut,CT,HadGEM2-ES,9.12E-07,MentalHealth,2,,N/A,
District of Columbia,DC,HadGEM2-ES,1.31E-06,MentalHealth,2,,N/A,
Delaware,DE,HadGEM2-ES,1.63E-06,MentalHealth,2,,N/A,
Florida,FL,HadGEM2-ES,1.74E-06,MentalHealth,2,,N/A,
Georgia,GA,HadGEM2-ES,2.21E-06,MentalHealth,2,,N/A,
Iowa,IA,HadGEM2-ES,2.55E-06,MentalHealth,2,,N/A,
Idaho,ID,HadGEM2-ES,2.71E-06,MentalHealth,2,,N/A,
Illinois,IL,HadGEM2-ES,1.99E-06,MentalHealth,2,,N/A,
Indiana,IN,HadGEM2-ES,2.89E-06,MentalHealth,2,,N/A,
Kansas,KS,HadGEM2-ES,3.27E-06,MentalHealth,2,,N/A,
Kentucky,KY,HadGEM2-ES,3.28E-06,MentalHealth,2,,N/A,
Louisiana,LA,HadGEM2-ES,2.00E-06,MentalHealth,2,,N/A,
Massachusetts,MA,HadGEM2-ES,1.03E-06,MentalHealth,2,,N/A,
Maryland,MD,HadGEM2-ES,1.65E-06,MentalHealth,2,,N/A,
Maine,ME,HadGEM2-ES,1.85E-06,MentalHealth,2,,N/A,
Michigan,MI,HadGEM2-ES,2.13E-06,MentalHealth,2,,N/A,
Minnesota,MN,HadGEM2-ES,1.61E-06,MentalHealth,2,,N/A,
Missouri,MO,HadGEM2-ES,3.50E-06,MentalHealth,2,,N/A,
Mississippi,MS,HadGEM2-ES,2.43E-06,MentalHealth,2,,N/A,
Montana,MT,HadGEM2-ES,3.12E-06,MentalHealth,2,,N/A,
North Carolina,NC,HadGEM2-ES,2.21E-06,MentalHealth,2,,N/A,
North Dakota,ND,HadGEM2-ES,2.18E-06,MentalHealth,2,,N/A,
Nebraska,NE,HadGEM2-ES,2.99E-06,MentalHealth,2,,N/A,
New Hampshire,NH,HadGEM2-ES,1.88E-06,MentalHealth,2,,N/A,
New Jersey,NJ,HadGEM2-ES,8.21E-07,MentalHealth,2,,N/A,
New Mexico,NM,HadGEM2-ES,3.40E-06,MentalHealth,2,,N/A,
Nevada,NV,HadGEM2-ES,1.39E-06,MentalHealth,2,,N/A,
New York,NY,HadGEM2-ES,9.22E-07,MentalHealth,2,,N/A,
Ohio,OH,HadGEM2-ES,2.41E-06,MentalHealth,2,,N/A,
Oklahoma,OK,HadGEM2-ES,2.70E-06,MentalHealth,2,,N/A,
Oregon,OR,HadGEM2-ES,1.57E-06,MentalHealth,2,,N/A,
Pennsylvania,PA,HadGEM2-ES,2.01E-06,MentalHealth,2,,N/A,
Rhode Island,RI,HadGEM2-ES,8.17E-07,MentalHealth,2,,N/A,
South Carolina,SC,HadGEM2-ES,2.22E-06,MentalHealth,2,,N/A,
South Dakota,SD,HadGEM2-ES,3.41E-06,MentalHealth,2,,N/A,
Tennessee,TN,HadGEM2-ES,3.09E-06,MentalHealth,2,,N/A,
Texas,TX,HadGEM2-ES,1.79E-06,MentalHealth,2,,N/A,
Utah,UT,HadGEM2-ES,3.07E-06,MentalHealth,2,,N/A,
Virginia,VA,HadGEM2-ES,2.16E-06,MentalHealth,2,,N/A,
Vermont,VT,HadGEM2-ES,2.02E-06,MentalHealth,2,,N/A,
Washington,WA,HadGEM2-ES,1.60E-06,MentalHealth,2,,N/A,
Wisconsin,WI,HadGEM2-ES,1.93E-06,MentalHealth,2,,N/A,
West Virginia,WV,HadGEM2-ES,2.59E-06,MentalHealth,2,,N/A,
Wyoming,WY,HadGEM2-ES,3.54E-06,MentalHealth,2,,N/A,
Alabama,AL,HadGEM2-ES,4.02E-06,MentalHealth,3,,N/A,
Arkansas,AR,HadGEM2-ES,4.43E-06,MentalHealth,3,,N/A,
Arizona,AZ,HadGEM2-ES,2.25E-06,MentalHealth,3,,N/A,
California,CA,HadGEM2-ES,1.35E-06,MentalHealth,3,,N/A,
Colorado,CO,HadGEM2-ES,4.26E-06,MentalHealth,3,,N/A,
Connecticut,CT,HadGEM2-ES,2.02E-06,MentalHealth,3,,N/A,
District of Columbia,DC,HadGEM2-ES,1.82E-06,MentalHealth,3,,N/A,
Delaware,DE,HadGEM2-ES,2.80E-06,MentalHealth,3,,N/A,
Florida,FL,HadGEM2-ES,2.63E-06,MentalHealth,3,,N/A,
Georgia,GA,HadGEM2-ES,3.45E-06,MentalHealth,3,,N/A,
Iowa,IA,HadGEM2-ES,4.36E-06,MentalHealth,3,,N/A,
Idaho,ID,HadGEM2-ES,3.64E-06,MentalHealth,3,,N/A,
Illinois,IL,HadGEM2-ES,3.41E-06,MentalHealth,3,,N/A,
Indiana,IN,HadGEM2-ES,4.86E-06,MentalHealth,3,,N/A,
Kansas,KS,HadGEM2-ES,4.79E-06,MentalHealth,3,,N/A,
Kentucky,KY,HadGEM2-ES,4.97E-06,MentalHealth,3,,N/A,
Louisiana,LA,HadGEM2-ES,2.70E-06,MentalHealth,3,,N/A,
Massachusetts,MA,HadGEM2-ES,1.88E-06,MentalHealth,3,,N/A,
Maryland,MD,HadGEM2-ES,2.52E-06,MentalHealth,3,,N/A,
Maine,ME,HadGEM2-ES,3.24E-06,MentalHealth,3,,N/A,
Michigan,MI,HadGEM2-ES,3.77E-06,MentalHealth,3,,N/A,
Minnesota,MN,HadGEM2-ES,2.68E-06,MentalHealth,3,,N/A,
Missouri,MO,HadGEM2-ES,5.28E-06,MentalHealth,3,,N/A,
Mississippi,MS,HadGEM2-ES,3.46E-06,MentalHealth,3,,N/A,
Montana,MT,HadGEM2-ES,4.69E-06,MentalHealth,3,,N/A,
North Carolina,NC,HadGEM2-ES,3.52E-06,MentalHealth,3,,N/A,
North Dakota,ND,HadGEM2-ES,2.88E-06,MentalHealth,3,,N/A,
Nebraska,NE,HadGEM2-ES,4.56E-06,MentalHealth,3,,N/A,
New Hampshire,NH,HadGEM2-ES,3.31E-06,MentalHealth,3,,N/A,
New Jersey,NJ,HadGEM2-ES,1.67E-06,MentalHealth,3,,N/A,
New Mexico,NM,HadGEM2-ES,4.97E-06,MentalHealth,3,,N/A,
Nevada,NV,HadGEM2-ES,2.69E-06,MentalHealth,3,,N/A,
New York,NY,HadGEM2-ES,1.83E-06,MentalHealth,3,,N/A,
Ohio,OH,HadGEM2-ES,4.25E-06,MentalHealth,3,,N/A,
Oklahoma,OK,HadGEM2-ES,4.26E-06,MentalHealth,3,,N/A,
Oregon,OR,HadGEM2-ES,2.06E-06,MentalHealth,3,,N/A,
Pennsylvania,PA,HadGEM2-ES,3.51E-06,MentalHealth,3,,N/A,
Rhode Island,RI,HadGEM2-ES,1.85E-06,MentalHealth,3,,N/A,
South Carolina,SC,HadGEM2-ES,3.56E-06,MentalHealth,3,,N/A,
South Dakota,SD,HadGEM2-ES,4.93E-06,MentalHealth,3,,N/A,
Tennessee,TN,HadGEM2-ES,4.71E-06,MentalHealth,3,,N/A,
Texas,TX,HadGEM2-ES,2.39E-06,MentalHealth,3,,N/A,
Utah,UT,HadGEM2-ES,4.23E-06,MentalHealth,3,,N/A,
Virginia,VA,HadGEM2-ES,3.25E-06,MentalHealth,3,,N/A,
Vermont,VT,HadGEM2-ES,3.51E-06,MentalHealth,3,,N/A,
Washington,WA,HadGEM2-ES,2.16E-06,MentalHealth,3,,N/A,
Wisconsin,WI,HadGEM2-ES,3.37E-06,MentalHealth,3,,N/A,
West Virginia,WV,HadGEM2-ES,4.58E-06,MentalHealth,3,,N/A,
Wyoming,WY,HadGEM2-ES,4.70E-06,MentalHealth,3,,N/A,
Alabama,AL,HadGEM2-ES,4.84E-06,MentalHealth,4,,N/A,
Arkansas,AR,HadGEM2-ES,5.33E-06,MentalHealth,4,,N/A,
Arizona,AZ,HadGEM2-ES,3.55E-06,MentalHealth,4,,N/A,
California,CA,HadGEM2-ES,2.30E-06,MentalHealth,4,,N/A,
Colorado,CO,HadGEM2-ES,5.89E-06,MentalHealth,4,,N/A,
Connecticut,CT,HadGEM2-ES,2.68E-06,MentalHealth,4,,N/A,
District of Columbia,DC,HadGEM2-ES,2.28E-06,MentalHealth,4,,N/A,
Delaware,DE,HadGEM2-ES,3.63E-06,MentalHealth,4,,N/A,
Florida,FL,HadGEM2-ES,3.21E-06,MentalHealth,4,,N/A,
Georgia,GA,HadGEM2-ES,4.23E-06,MentalHealth,4,,N/A,
Iowa,IA,HadGEM2-ES,5.25E-06,MentalHealth,4,,N/A,
Idaho,ID,HadGEM2-ES,5.67E-06,MentalHealth,4,,N/A,
Illinois,IL,HadGEM2-ES,4.01E-06,MentalHealth,4,,N/A,
Indiana,IN,HadGEM2-ES,5.54E-06,MentalHealth,4,,N/A,
Kansas,KS,HadGEM2-ES,5.49E-06,MentalHealth,4,,N/A,
Kentucky,KY,HadGEM2-ES,5.76E-06,MentalHealth,4,,N/A,
Louisiana,LA,HadGEM2-ES,3.41E-06,MentalHealth,4,,N/A,
Massachusetts,MA,HadGEM2-ES,2.63E-06,MentalHealth,4,,N/A,
Maryland,MD,HadGEM2-ES,3.22E-06,MentalHealth,4,,N/A,
Maine,ME,HadGEM2-ES,4.58E-06,MentalHealth,4,,N/A,
Michigan,MI,HadGEM2-ES,4.86E-06,MentalHealth,4,,N/A,
Minnesota,MN,HadGEM2-ES,3.94E-06,MentalHealth,4,,N/A,
Missouri,MO,HadGEM2-ES,6.00E-06,MentalHealth,4,,N/A,
Mississippi,MS,HadGEM2-ES,4.22E-06,MentalHealth,4,,N/A,
Montana,MT,HadGEM2-ES,6.68E-06,MentalHealth,4,,N/A,
North Carolina,NC,HadGEM2-ES,4.17E-06,MentalHealth,4,,N/A,
North Dakota,ND,HadGEM2-ES,4.42E-06,MentalHealth,4,,N/A,
Nebraska,NE,HadGEM2-ES,5.12E-06,MentalHealth,4,,N/A,
New Hampshire,NH,HadGEM2-ES,4.60E-06,MentalHealth,4,,N/A,
New Jersey,NJ,HadGEM2-ES,2.25E-06,MentalHealth,4,,N/A,
New Mexico,NM,HadGEM2-ES,5.87E-06,MentalHealth,4,,N/A,
Nevada,NV,HadGEM2-ES,4.58E-06,MentalHealth,4,,N/A,
New York,NY,HadGEM2-ES,2.42E-06,MentalHealth,4,,N/A,
Ohio,OH,HadGEM2-ES,4.97E-06,MentalHealth,4,,N/A,
Oklahoma,OK,HadGEM2-ES,5.15E-06,MentalHealth,4,,N/A,
Oregon,OR,HadGEM2-ES,3.22E-06,MentalHealth,4,,N/A,
Pennsylvania,PA,HadGEM2-ES,4.49E-06,MentalHealth,4,,N/A,
Rhode Island,RI,HadGEM2-ES,2.63E-06,MentalHealth,4,,N/A,
South Carolina,SC,HadGEM2-ES,4.33E-06,MentalHealth,4,,N/A,
South Dakota,SD,HadGEM2-ES,6.79E-06,MentalHealth,4,,N/A,
Tennessee,TN,HadGEM2-ES,5.54E-06,MentalHealth,4,,N/A,
Texas,TX,HadGEM2-ES,2.93E-06,MentalHealth,4,,N/A,
Utah,UT,HadGEM2-ES,6.00E-06,MentalHealth,4,,N/A,
Virginia,VA,HadGEM2-ES,4.03E-06,MentalHealth,4,,N/A,
Vermont,VT,HadGEM2-ES,4.77E-06,MentalHealth,4,,N/A,
Washington,WA,HadGEM2-ES,3.28E-06,MentalHealth,4,,N/A,
Wisconsin,WI,HadGEM2-ES,4.70E-06,MentalHealth,4,,N/A,
West Virginia,WV,HadGEM2-ES,5.70E-06,MentalHealth,4,,N/A,
Wyoming,WY,HadGEM2-ES,6.98E-06,MentalHealth,4,,N/A,
Alabama,AL,HadGEM2-ES,5.42E-06,MentalHealth,5,,N/A,
Arkansas,AR,HadGEM2-ES,6.09E-06,MentalHealth,5,,N/A,
Arizona,AZ,HadGEM2-ES,4.64E-06,MentalHealth,5,,N/A,
California,CA,HadGEM2-ES,2.86E-06,MentalHealth,5,,N/A,
Colorado,CO,HadGEM2-ES,7.43E-06,MentalHealth,5,,N/A,
Connecticut,CT,HadGEM2-ES,3.71E-06,MentalHealth,5,,N/A,
District of Columbia,DC,HadGEM2-ES,2.66E-06,MentalHealth,5,,N/A,
Delaware,DE,HadGEM2-ES,4.29E-06,MentalHealth,5,,N/A,
Florida,FL,HadGEM2-ES,3.82E-06,MentalHealth,5,,N/A,
Georgia,GA,HadGEM2-ES,4.72E-06,MentalHealth,5,,N/A,
Iowa,IA,HadGEM2-ES,6.53E-06,MentalHealth,5,,N/A,
Idaho,ID,HadGEM2-ES,7.57E-06,MentalHealth,5,,N/A,
Illinois,IL,HadGEM2-ES,4.74E-06,MentalHealth,5,,N/A,
Indiana,IN,HadGEM2-ES,6.50E-06,MentalHealth,5,,N/A,
Kansas,KS,HadGEM2-ES,6.31E-06,MentalHealth,5,,N/A,
Kentucky,KY,HadGEM2-ES,6.54E-06,MentalHealth,5,,N/A,
Louisiana,LA,HadGEM2-ES,3.95E-06,MentalHealth,5,,N/A,
Massachusetts,MA,HadGEM2-ES,3.52E-06,MentalHealth,5,,N/A,
Maryland,MD,HadGEM2-ES,3.76E-06,MentalHealth,5,,N/A,
Maine,ME,HadGEM2-ES,6.21E-06,MentalHealth,5,,N/A,
Michigan,MI,HadGEM2-ES,6.11E-06,MentalHealth,5,,N/A,
Minnesota,MN,HadGEM2-ES,5.46E-06,MentalHealth,5,,N/A,
Missouri,MO,HadGEM2-ES,6.83E-06,MentalHealth,5,,N/A,
Mississippi,MS,HadGEM2-ES,4.78E-06,MentalHealth,5,,N/A,
Montana,MT,HadGEM2-ES,9.63E-06,MentalHealth,5,,N/A,
North Carolina,NC,HadGEM2-ES,4.77E-06,MentalHealth,5,,N/A,
North Dakota,ND,HadGEM2-ES,6.96E-06,MentalHealth,5,,N/A,
Nebraska,NE,HadGEM2-ES,6.02E-06,MentalHealth,5,,N/A,
New Hampshire,NH,HadGEM2-ES,6.08E-06,MentalHealth,5,,N/A,
New Jersey,NJ,HadGEM2-ES,2.83E-06,MentalHealth,5,,N/A,
New Mexico,NM,HadGEM2-ES,7.13E-06,MentalHealth,5,,N/A,
Nevada,NV,HadGEM2-ES,5.60E-06,MentalHealth,5,,N/A,
New York,NY,HadGEM2-ES,3.12E-06,MentalHealth,5,,N/A,
Ohio,OH,HadGEM2-ES,5.92E-06,MentalHealth,5,,N/A,
Oklahoma,OK,HadGEM2-ES,5.77E-06,MentalHealth,5,,N/A,
Oregon,OR,HadGEM2-ES,4.00E-06,MentalHealth,5,,N/A,
Pennsylvania,PA,HadGEM2-ES,5.54E-06,MentalHealth,5,,N/A,
Rhode Island,RI,HadGEM2-ES,3.76E-06,MentalHealth,5,,N/A,
South Carolina,SC,HadGEM2-ES,4.84E-06,MentalHealth,5,,N/A,
South Dakota,SD,HadGEM2-ES,9.16E-06,MentalHealth,5,,N/A,
Tennessee,TN,HadGEM2-ES,6.22E-06,MentalHealth,5,,N/A,
Texas,TX,HadGEM2-ES,3.40E-06,MentalHealth,5,,N/A,
Utah,UT,HadGEM2-ES,7.66E-06,MentalHealth,5,,N/A,
Virginia,VA,HadGEM2-ES,4.67E-06,MentalHealth,5,,N/A,
Vermont,VT,HadGEM2-ES,6.21E-06,MentalHealth,5,,N/A,
Washington,WA,HadGEM2-ES,4.15E-06,MentalHealth,5,,N/A,
Wisconsin,WI,HadGEM2-ES,6.27E-06,MentalHealth,5,,N/A,
West Virginia,WV,HadGEM2-ES,6.78E-06,MentalHealth,5,,N/A,
Wyoming,WY,HadGEM2-ES,9.80E-06,MentalHealth,5,,N/A,
Alabama,AL,HadGEM2-ES,6.27E-06,MentalHealth,6,,N/A,
Arkansas,AR,HadGEM2-ES,6.81E-06,MentalHealth,6,,N/A,
Arizona,AZ,HadGEM2-ES,5.86E-06,MentalHealth,6,,N/A,
California,CA,HadGEM2-ES,3.39E-06,MentalHealth,6,,N/A,
Colorado,CO,HadGEM2-ES,8.48E-06,MentalHealth,6,,N/A,
Connecticut,CT,HadGEM2-ES,4.71E-06,MentalHealth,6,,N/A,
District of Columbia,DC,HadGEM2-ES,3.10E-06,MentalHealth,6,,N/A,
Delaware,DE,HadGEM2-ES,5.31E-06,MentalHealth,6,,N/A,
Florida,FL,HadGEM2-ES,5.03E-06,MentalHealth,6,,N/A,
Georgia,GA,HadGEM2-ES,5.50E-06,MentalHealth,6,,N/A,
Iowa,IA,HadGEM2-ES,7.63E-06,MentalHealth,6,,N/A,
Idaho,ID,HadGEM2-ES,9.05E-06,MentalHealth,6,,N/A,
Illinois,IL,HadGEM2-ES,5.59E-06,MentalHealth,6,,N/A,
Indiana,IN,HadGEM2-ES,7.62E-06,MentalHealth,6,,N/A,
Kansas,KS,HadGEM2-ES,6.79E-06,MentalHealth,6,,N/A,
Kentucky,KY,HadGEM2-ES,7.61E-06,MentalHealth,6,,N/A,
Louisiana,LA,HadGEM2-ES,4.97E-06,MentalHealth,6,,N/A,
Massachusetts,MA,HadGEM2-ES,4.32E-06,MentalHealth,6,,N/A,
Maryland,MD,HadGEM2-ES,4.47E-06,MentalHealth,6,,N/A,
Maine,ME,HadGEM2-ES,7.98E-06,MentalHealth,6,,N/A,
Michigan,MI,HadGEM2-ES,7.47E-06,MentalHealth,6,,N/A,
Minnesota,MN,HadGEM2-ES,6.99E-06,MentalHealth,6,,N/A,
Missouri,MO,HadGEM2-ES,7.68E-06,MentalHealth,6,,N/A,
Mississippi,MS,HadGEM2-ES,5.65E-06,MentalHealth,6,,N/A,
Montana,MT,HadGEM2-ES,1.10E-05,MentalHealth,6,,N/A,
North Carolina,NC,HadGEM2-ES,5.78E-06,MentalHealth,6,,N/A,
North Dakota,ND,HadGEM2-ES,8.77E-06,MentalHealth,6,,N/A,
Nebraska,NE,HadGEM2-ES,6.65E-06,MentalHealth,6,,N/A,
New Hampshire,NH,HadGEM2-ES,7.95E-06,MentalHealth,6,,N/A,
New Jersey,NJ,HadGEM2-ES,3.48E-06,MentalHealth,6,,N/A,
New Mexico,NM,HadGEM2-ES,8.36E-06,MentalHealth,6,,N/A,
Nevada,NV,HadGEM2-ES,7.02E-06,MentalHealth,6,,N/A,
New York,NY,HadGEM2-ES,3.89E-06,MentalHealth,6,,N/A,
Ohio,OH,HadGEM2-ES,6.99E-06,MentalHealth,6,,N/A,
Oklahoma,OK,HadGEM2-ES,6.29E-06,MentalHealth,6,,N/A,
Oregon,OR,HadGEM2-ES,5.01E-06,MentalHealth,6,,N/A,
Pennsylvania,PA,HadGEM2-ES,6.75E-06,MentalHealth,6,,N/A,
Rhode Island,RI,HadGEM2-ES,4.60E-06,MentalHealth,6,,N/A,
South Carolina,SC,HadGEM2-ES,5.85E-06,MentalHealth,6,,N/A,
South Dakota,SD,HadGEM2-ES,1.03E-05,MentalHealth,6,,N/A,
Tennessee,TN,HadGEM2-ES,7.14E-06,MentalHealth,6,,N/A,
Texas,TX,HadGEM2-ES,4.10E-06,MentalHealth,6,,N/A,
Utah,UT,HadGEM2-ES,8.75E-06,MentalHealth,6,,N/A,
Virginia,VA,HadGEM2-ES,5.59E-06,MentalHealth,6,,N/A,
Vermont,VT,HadGEM2-ES,8.53E-06,MentalHealth,6,,N/A,
Washington,WA,HadGEM2-ES,4.93E-06,MentalHealth,6,,N/A,
Wisconsin,WI,HadGEM2-ES,8.08E-06,MentalHealth,6,,N/A,
West Virginia,WV,HadGEM2-ES,8.14E-06,MentalHealth,6,,N/A,
Wyoming,WY,HadGEM2-ES,1.20E-05,MentalHealth,6,,N/A,
Alabama,AL,MIROC5,1.34E-06,MentalHealth,1,,N/A,
Arkansas,AR,MIROC5,1.78E-06,MentalHealth,1,,N/A,
Arizona,AZ,MIROC5,2.63E-08,MentalHealth,1,,N/A,
California,CA,MIROC5,3.64E-07,MentalHealth,1,,N/A,
Colorado,CO,MIROC5,1.42E-06,MentalHealth,1,,N/A,
Connecticut,CT,MIROC5,6.82E-07,MentalHealth,1,,N/A,
District of Columbia,DC,MIROC5,4.70E-07,MentalHealth,1,,N/A,
Delaware,DE,MIROC5,6.13E-07,MentalHealth,1,,N/A,
Florida,FL,MIROC5,6.82E-07,MentalHealth,1,,N/A,
Georgia,GA,MIROC5,1.01E-06,MentalHealth,1,,N/A,
Iowa,IA,MIROC5,1.25E-06,MentalHealth,1,,N/A,
Idaho,ID,MIROC5,1.50E-06,MentalHealth,1,,N/A,
Illinois,IL,MIROC5,9.80E-07,MentalHealth,1,,N/A,
Indiana,IN,MIROC5,1.37E-06,MentalHealth,1,,N/A,
Kansas,KS,MIROC5,2.09E-06,MentalHealth,1,,N/A,
Kentucky,KY,MIROC5,1.45E-06,MentalHealth,1,,N/A,
Louisiana,LA,MIROC5,9.10E-07,MentalHealth,1,,N/A,
Massachusetts,MA,MIROC5,6.39E-07,MentalHealth,1,,N/A,
Maryland,MD,MIROC5,6.28E-07,MentalHealth,1,,N/A,
Maine,ME,MIROC5,9.29E-07,MentalHealth,1,,N/A,
Michigan,MI,MIROC5,1.24E-06,MentalHealth,1,,N/A,
Minnesota,MN,MIROC5,1.14E-06,MentalHealth,1,,N/A,
Missouri,MO,MIROC5,2.15E-06,MentalHealth,1,,N/A,
Mississippi,MS,MIROC5,1.25E-06,MentalHealth,1,,N/A,
Montana,MT,MIROC5,1.46E-06,MentalHealth,1,,N/A,
North Carolina,NC,MIROC5,1.11E-06,MentalHealth,1,,N/A,
North Dakota,ND,MIROC5,1.16E-06,MentalHealth,1,,N/A,
Nebraska,NE,MIROC5,1.30E-06,MentalHealth,1,,N/A,
New Hampshire,NH,MIROC5,1.04E-06,MentalHealth,1,,N/A,
New Jersey,NJ,MIROC5,4.20E-07,MentalHealth,1,,N/A,
New Mexico,NM,MIROC5,1.45E-06,MentalHealth,1,,N/A,
Nevada,NV,MIROC5,3.54E-07,MentalHealth,1,,N/A,
New York,NY,MIROC5,5.43E-07,MentalHealth,1,,N/A,
Ohio,OH,MIROC5,1.14E-06,MentalHealth,1,,N/A,
Oklahoma,OK,MIROC5,1.89E-06,MentalHealth,1,,N/A,
Oregon,OR,MIROC5,5.90E-07,MentalHealth,1,,N/A,
Pennsylvania,PA,MIROC5,1.06E-06,MentalHealth,1,,N/A,
Rhode Island,RI,MIROC5,5.39E-07,MentalHealth,1,,N/A,
South Carolina,SC,MIROC5,1.14E-06,MentalHealth,1,,N/A,
South Dakota,SD,MIROC5,1.95E-06,MentalHealth,1,,N/A,
Tennessee,TN,MIROC5,1.38E-06,MentalHealth,1,,N/A,
Texas,TX,MIROC5,8.34E-07,MentalHealth,1,,N/A,
Utah,UT,MIROC5,1.64E-06,MentalHealth,1,,N/A,
Virginia,VA,MIROC5,9.33E-07,MentalHealth,1,,N/A,
Vermont,VT,MIROC5,1.13E-06,MentalHealth,1,,N/A,
Washington,WA,MIROC5,7.85E-07,MentalHealth,1,,N/A,
Wisconsin,WI,MIROC5,1.27E-06,MentalHealth,1,,N/A,
West Virginia,WV,MIROC5,1.19E-06,MentalHealth,1,,N/A,
Wyoming,WY,MIROC5,1.68E-06,MentalHealth,1,,N/A,
Alabama,AL,MIROC5,2.42E-06,MentalHealth,2,,N/A,
Arkansas,AR,MIROC5,2.97E-06,MentalHealth,2,,N/A,
Arizona,AZ,MIROC5,1.47E-06,MentalHealth,2,,N/A,
California,CA,MIROC5,8.62E-07,MentalHealth,2,,N/A,
Colorado,CO,MIROC5,3.20E-06,MentalHealth,2,,N/A,
Connecticut,CT,MIROC5,1.60E-06,MentalHealth,2,,N/A,
District of Columbia,DC,MIROC5,1.16E-06,MentalHealth,2,,N/A,
Delaware,DE,MIROC5,1.73E-06,MentalHealth,2,,N/A,
Florida,FL,MIROC5,1.45E-06,MentalHealth,2,,N/A,
Georgia,GA,MIROC5,1.86E-06,MentalHealth,2,,N/A,
Iowa,IA,MIROC5,2.40E-06,MentalHealth,2,,N/A,
Idaho,ID,MIROC5,2.79E-06,MentalHealth,2,,N/A,
Illinois,IL,MIROC5,1.91E-06,MentalHealth,2,,N/A,
Indiana,IN,MIROC5,2.55E-06,MentalHealth,2,,N/A,
Kansas,KS,MIROC5,3.43E-06,MentalHealth,2,,N/A,
Kentucky,KY,MIROC5,2.51E-06,MentalHealth,2,,N/A,
Louisiana,LA,MIROC5,1.94E-06,MentalHealth,2,,N/A,
Massachusetts,MA,MIROC5,1.49E-06,MentalHealth,2,,N/A,
Maryland,MD,MIROC5,1.43E-06,MentalHealth,2,,N/A,
Maine,ME,MIROC5,2.42E-06,MentalHealth,2,,N/A,
Michigan,MI,MIROC5,2.42E-06,MentalHealth,2,,N/A,
Minnesota,MN,MIROC5,2.07E-06,MentalHealth,2,,N/A,
Missouri,MO,MIROC5,3.34E-06,MentalHealth,2,,N/A,
Mississippi,MS,MIROC5,2.48E-06,MentalHealth,2,,N/A,
Montana,MT,MIROC5,3.51E-06,MentalHealth,2,,N/A,
North Carolina,NC,MIROC5,2.08E-06,MentalHealth,2,,N/A,
North Dakota,ND,MIROC5,2.32E-06,MentalHealth,2,,N/A,
Nebraska,NE,MIROC5,2.74E-06,MentalHealth,2,,N/A,
New Hampshire,NH,MIROC5,2.37E-06,MentalHealth,2,,N/A,
New Jersey,NJ,MIROC5,1.02E-06,MentalHealth,2,,N/A,
New Mexico,NM,MIROC5,2.90E-06,MentalHealth,2,,N/A,
Nevada,NV,MIROC5,1.69E-06,MentalHealth,2,,N/A,
New York,NY,MIROC5,1.23E-06,MentalHealth,2,,N/A,
Ohio,OH,MIROC5,2.14E-06,MentalHealth,2,,N/A,
Oklahoma,OK,MIROC5,3.07E-06,MentalHealth,2,,N/A,
Oregon,OR,MIROC5,9.43E-07,MentalHealth,2,,N/A,
Pennsylvania,PA,MIROC5,2.08E-06,MentalHealth,2,,N/A,
Rhode Island,RI,MIROC5,1.49E-06,MentalHealth,2,,N/A,
South Carolina,SC,MIROC5,2.15E-06,MentalHealth,2,,N/A,
South Dakota,SD,MIROC5,3.48E-06,MentalHealth,2,,N/A,
Tennessee,TN,MIROC5,2.47E-06,MentalHealth,2,,N/A,
Texas,TX,MIROC5,1.70E-06,MentalHealth,2,,N/A,
Utah,UT,MIROC5,3.46E-06,MentalHealth,2,,N/A,
Virginia,VA,MIROC5,1.83E-06,MentalHealth,2,,N/A,
Vermont,VT,MIROC5,2.44E-06,MentalHealth,2,,N/A,
Washington,WA,MIROC5,1.08E-06,MentalHealth,2,,N/A,
Wisconsin,WI,MIROC5,2.36E-06,MentalHealth,2,,N/A,
West Virginia,WV,MIROC5,2.15E-06,MentalHealth,2,,N/A,
Wyoming,WY,MIROC5,4.33E-06,MentalHealth,2,,N/A,
Alabama,AL,MIROC5,3.38E-06,MentalHealth,3,,N/A,
Arkansas,AR,MIROC5,3.99E-06,MentalHealth,3,,N/A,
Arizona,AZ,MIROC5,2.40E-06,MentalHealth,3,,N/A,
California,CA,MIROC5,1.45E-06,MentalHealth,3,,N/A,
Colorado,CO,MIROC5,4.69E-06,MentalHealth,3,,N/A,
Connecticut,CT,MIROC5,2.49E-06,MentalHealth,3,,N/A,
District of Columbia,DC,MIROC5,1.80E-06,MentalHealth,3,,N/A,
Delaware,DE,MIROC5,2.78E-06,MentalHealth,3,,N/A,
Florida,FL,MIROC5,2.40E-06,MentalHealth,3,,N/A,
Georgia,GA,MIROC5,2.77E-06,MentalHealth,3,,N/A,
Iowa,IA,MIROC5,3.50E-06,MentalHealth,3,,N/A,
Idaho,ID,MIROC5,3.97E-06,MentalHealth,3,,N/A,
Illinois,IL,MIROC5,2.72E-06,MentalHealth,3,,N/A,
Indiana,IN,MIROC5,3.62E-06,MentalHealth,3,,N/A,
Kansas,KS,MIROC5,4.43E-06,MentalHealth,3,,N/A,
Kentucky,KY,MIROC5,3.66E-06,MentalHealth,3,,N/A,
Louisiana,LA,MIROC5,2.58E-06,MentalHealth,3,,N/A,
Massachusetts,MA,MIROC5,2.23E-06,MentalHealth,3,,N/A,
Maryland,MD,MIROC5,2.39E-06,MentalHealth,3,,N/A,
Maine,ME,MIROC5,3.90E-06,MentalHealth,3,,N/A,
Michigan,MI,MIROC5,3.58E-06,MentalHealth,3,,N/A,
Minnesota,MN,MIROC5,2.71E-06,MentalHealth,3,,N/A,
Missouri,MO,MIROC5,4.51E-06,MentalHealth,3,,N/A,
Mississippi,MS,MIROC5,3.15E-06,MentalHealth,3,,N/A,
Montana,MT,MIROC5,4.66E-06,MentalHealth,3,,N/A,
North Carolina,NC,MIROC5,2.99E-06,MentalHealth,3,,N/A,
North Dakota,ND,MIROC5,2.80E-06,MentalHealth,3,,N/A,
Nebraska,NE,MIROC5,3.93E-06,MentalHealth,3,,N/A,
New Hampshire,NH,MIROC5,3.85E-06,MentalHealth,3,,N/A,
New Jersey,NJ,MIROC5,1.75E-06,MentalHealth,3,,N/A,
New Mexico,NM,MIROC5,4.48E-06,MentalHealth,3,,N/A,
Nevada,NV,MIROC5,2.90E-06,MentalHealth,3,,N/A,
New York,NY,MIROC5,2.01E-06,MentalHealth,3,,N/A,
Ohio,OH,MIROC5,3.23E-06,MentalHealth,3,,N/A,
Oklahoma,OK,MIROC5,4.11E-06,MentalHealth,3,,N/A,
Oregon,OR,MIROC5,1.55E-06,MentalHealth,3,,N/A,
Pennsylvania,PA,MIROC5,3.33E-06,MentalHealth,3,,N/A,
Rhode Island,RI,MIROC5,2.22E-06,MentalHealth,3,,N/A,
South Carolina,SC,MIROC5,3.07E-06,MentalHealth,3,,N/A,
South Dakota,SD,MIROC5,4.46E-06,MentalHealth,3,,N/A,
Tennessee,TN,MIROC5,3.57E-06,MentalHealth,3,,N/A,
Texas,TX,MIROC5,2.47E-06,MentalHealth,3,,N/A,
Utah,UT,MIROC5,4.90E-06,MentalHealth,3,,N/A,
Virginia,VA,MIROC5,2.95E-06,MentalHealth,3,,N/A,
Vermont,VT,MIROC5,4.18E-06,MentalHealth,3,,N/A,
Washington,WA,MIROC5,1.66E-06,MentalHealth,3,,N/A,
Wisconsin,WI,MIROC5,3.41E-06,MentalHealth,3,,N/A,
West Virginia,WV,MIROC5,3.41E-06,MentalHealth,3,,N/A,
Wyoming,WY,MIROC5,5.71E-06,MentalHealth,3,,N/A,
Alabama,AL,MIROC5,4.16E-06,MentalHealth,4,,N/A,
Arkansas,AR,MIROC5,5.35E-06,MentalHealth,4,,N/A,
Arizona,AZ,MIROC5,3.50E-06,MentalHealth,4,,N/A,
California,CA,MIROC5,1.85E-06,MentalHealth,4,,N/A,
Colorado,CO,MIROC5,5.65E-06,MentalHealth,4,,N/A,
Connecticut,CT,MIROC5,3.21E-06,MentalHealth,4,,N/A,
District of Columbia,DC,MIROC5,2.35E-06,MentalHealth,4,,N/A,
Delaware,DE,MIROC5,4.13E-06,MentalHealth,4,,N/A,
Florida,FL,MIROC5,3.14E-06,MentalHealth,4,,N/A,
Georgia,GA,MIROC5,3.49E-06,MentalHealth,4,,N/A,
Iowa,IA,MIROC5,5.88E-06,MentalHealth,4,,N/A,
Idaho,ID,MIROC5,5.60E-06,MentalHealth,4,,N/A,
Illinois,IL,MIROC5,4.11E-06,MentalHealth,4,,N/A,
Indiana,IN,MIROC5,5.16E-06,MentalHealth,4,,N/A,
Kansas,KS,MIROC5,5.70E-06,MentalHealth,4,,N/A,
Kentucky,KY,MIROC5,5.08E-06,MentalHealth,4,,N/A,
Louisiana,LA,MIROC5,3.34E-06,MentalHealth,4,,N/A,
Massachusetts,MA,MIROC5,2.94E-06,MentalHealth,4,,N/A,
Maryland,MD,MIROC5,3.32E-06,MentalHealth,4,,N/A,
Maine,ME,MIROC5,5.89E-06,MentalHealth,4,,N/A,
Michigan,MI,MIROC5,4.89E-06,MentalHealth,4,,N/A,
Minnesota,MN,MIROC5,4.82E-06,MentalHealth,4,,N/A,
Missouri,MO,MIROC5,6.10E-06,MentalHealth,4,,N/A,
Mississippi,MS,MIROC5,3.90E-06,MentalHealth,4,,N/A,
Montana,MT,MIROC5,6.79E-06,MentalHealth,4,,N/A,
North Carolina,NC,MIROC5,3.82E-06,MentalHealth,4,,N/A,
North Dakota,ND,MIROC5,5.48E-06,MentalHealth,4,,N/A,
Nebraska,NE,MIROC5,5.59E-06,MentalHealth,4,,N/A,
New Hampshire,NH,MIROC5,5.51E-06,MentalHealth,4,,N/A,
New Jersey,NJ,MIROC5,2.51E-06,MentalHealth,4,,N/A,
New Mexico,NM,MIROC5,5.73E-06,MentalHealth,4,,N/A,
Nevada,NV,MIROC5,3.91E-06,MentalHealth,4,,N/A,
New York,NY,MIROC5,2.79E-06,MentalHealth,4,,N/A,
Ohio,OH,MIROC5,4.42E-06,MentalHealth,4,,N/A,
Oklahoma,OK,MIROC5,5.26E-06,MentalHealth,4,,N/A,
Oregon,OR,MIROC5,2.45E-06,MentalHealth,4,,N/A,
Pennsylvania,PA,MIROC5,4.47E-06,MentalHealth,4,,N/A,
Rhode Island,RI,MIROC5,2.96E-06,MentalHealth,4,,N/A,
South Carolina,SC,MIROC5,3.83E-06,MentalHealth,4,,N/A,
South Dakota,SD,MIROC5,7.65E-06,MentalHealth,4,,N/A,
Tennessee,TN,MIROC5,4.77E-06,MentalHealth,4,,N/A,
Texas,TX,MIROC5,3.08E-06,MentalHealth,4,,N/A,
Utah,UT,MIROC5,6.39E-06,MentalHealth,4,,N/A,
Virginia,VA,MIROC5,3.95E-06,MentalHealth,4,,N/A,
Vermont,VT,MIROC5,6.12E-06,MentalHealth,4,,N/A,
Washington,WA,MIROC5,2.39E-06,MentalHealth,4,,N/A,
Wisconsin,WI,MIROC5,5.28E-06,MentalHealth,4,,N/A,
West Virginia,WV,MIROC5,4.75E-06,MentalHealth,4,,N/A,
Wyoming,WY,MIROC5,7.44E-06,MentalHealth,4,,N/A,
Alabama,AL,MIROC5,5.07E-06,MentalHealth,5,,N/A,
Arkansas,AR,MIROC5,6.53E-06,MentalHealth,5,,N/A,
Arizona,AZ,MIROC5,4.19E-06,MentalHealth,5,,N/A,
California,CA,MIROC5,2.39E-06,MentalHealth,5,,N/A,
Colorado,CO,MIROC5,6.98E-06,MentalHealth,5,,N/A,
Connecticut,CT,MIROC5,3.80E-06,MentalHealth,5,,N/A,
District of Columbia,DC,MIROC5,2.65E-06,MentalHealth,5,,N/A,
Delaware,DE,MIROC5,4.54E-06,MentalHealth,5,,N/A,
Florida,FL,MIROC5,3.74E-06,MentalHealth,5,,N/A,
Georgia,GA,MIROC5,4.25E-06,MentalHealth,5,,N/A,
Iowa,IA,MIROC5,7.19E-06,MentalHealth,5,,N/A,
Idaho,ID,MIROC5,6.61E-06,MentalHealth,5,,N/A,
Illinois,IL,MIROC5,4.98E-06,MentalHealth,5,,N/A,
Indiana,IN,MIROC5,6.31E-06,MentalHealth,5,,N/A,
Kansas,KS,MIROC5,6.87E-06,MentalHealth,5,,N/A,
Kentucky,KY,MIROC5,6.10E-06,MentalHealth,5,,N/A,
Louisiana,LA,MIROC5,4.28E-06,MentalHealth,5,,N/A,
Massachusetts,MA,MIROC5,3.42E-06,MentalHealth,5,,N/A,
Maryland,MD,MIROC5,3.74E-06,MentalHealth,5,,N/A,
Maine,ME,MIROC5,6.75E-06,MentalHealth,5,,N/A,
Michigan,MI,MIROC5,5.95E-06,MentalHealth,5,,N/A,
Minnesota,MN,MIROC5,6.00E-06,MentalHealth,5,,N/A,
Missouri,MO,MIROC5,7.19E-06,MentalHealth,5,,N/A,
Mississippi,MS,MIROC5,4.81E-06,MentalHealth,5,,N/A,
Montana,MT,MIROC5,8.13E-06,MentalHealth,5,,N/A,
North Carolina,NC,MIROC5,4.60E-06,MentalHealth,5,,N/A,
North Dakota,ND,MIROC5,6.78E-06,MentalHealth,5,,N/A,
Nebraska,NE,MIROC5,6.61E-06,MentalHealth,5,,N/A,
New Hampshire,NH,MIROC5,6.24E-06,MentalHealth,5,,N/A,
New Jersey,NJ,MIROC5,2.88E-06,MentalHealth,5,,N/A,
New Mexico,NM,MIROC5,7.05E-06,MentalHealth,5,,N/A,
Nevada,NV,MIROC5,4.71E-06,MentalHealth,5,,N/A,
New York,NY,MIROC5,3.24E-06,MentalHealth,5,,N/A,
Ohio,OH,MIROC5,5.43E-06,MentalHealth,5,,N/A,
Oklahoma,OK,MIROC5,6.73E-06,MentalHealth,5,,N/A,
Oregon,OR,MIROC5,2.89E-06,MentalHealth,5,,N/A,
Pennsylvania,PA,MIROC5,5.14E-06,MentalHealth,5,,N/A,
Rhode Island,RI,MIROC5,3.56E-06,MentalHealth,5,,N/A,
South Carolina,SC,MIROC5,4.64E-06,MentalHealth,5,,N/A,
South Dakota,SD,MIROC5,8.99E-06,MentalHealth,5,,N/A,
Tennessee,TN,MIROC5,5.76E-06,MentalHealth,5,,N/A,
Texas,TX,MIROC5,3.95E-06,MentalHealth,5,,N/A,
Utah,UT,MIROC5,7.35E-06,MentalHealth,5,,N/A,
Virginia,VA,MIROC5,4.61E-06,MentalHealth,5,,N/A,
Vermont,VT,MIROC5,7.33E-06,MentalHealth,5,,N/A,
Washington,WA,MIROC5,2.82E-06,MentalHealth,5,,N/A,
Wisconsin,WI,MIROC5,6.77E-06,MentalHealth,5,,N/A,
West Virginia,WV,MIROC5,5.86E-06,MentalHealth,5,,N/A,
Wyoming,WY,MIROC5,9.09E-06,MentalHealth,5,,N/A,
