state,postal,value,year,scalarName
Alabama,AL,0.233027081,2010,0TO17_pop
Alabama,AL,0.230890772,2015,0TO17_pop
Alabama,AL,0.229161841,2020,0TO17_pop
Alabama,AL,0.227480593,2025,0TO17_pop
Alabama,AL,0.225824043,2030,0TO17_pop
Alabama,AL,0.224819733,2035,0TO17_pop
Alabama,AL,0.223852788,2040,0TO17_pop
Alabama,AL,0.224393762,2045,0TO17_pop
Alabama,AL,0.224971976,2050,0TO17_pop
Alabama,AL,0.224851205,2055,0TO17_pop
Alabama,AL,0.22472518,2060,0TO17_pop
Alabama,AL,0.224161014,2065,0TO17_pop
Alabama,AL,0.223580277,2070,0TO17_pop
Alabama,AL,0.223147494,2075,0TO17_pop
Alabama,AL,0.222704373,2080,0TO17_pop
Alabama,AL,0.221889003,2085,0TO17_pop
Alabama,AL,0.221045827,2090,0TO17_pop
Alabama,AL,0.21998749,2095,0TO17_pop
Alabama,AL,0.189595038,2300,0TO17_pop
Delaware,DE,0.231323781,2010,0TO17_pop
Delaware,DE,0.229553576,2015,0TO17_pop
Delaware,DE,0.227891081,2020,0TO17_pop
Delaware,DE,0.224589448,2025,0TO17_pop
Delaware,DE,0.221406487,2030,0TO17_pop
Delaware,DE,0.22009905,2035,0TO17_pop
Delaware,DE,0.218819949,2040,0TO17_pop
Delaware,DE,0.219527821,2045,0TO17_pop
Delaware,DE,0.220165192,2050,0TO17_pop
Delaware,DE,0.219864722,2055,0TO17_pop
Delaware,DE,0.219556514,2060,0TO17_pop
Delaware,DE,0.218954845,2065,0TO17_pop
Delaware,DE,0.21837871,2070,0TO17_pop
Delaware,DE,0.21789372,2075,0TO17_pop
Delaware,DE,0.217428671,2080,0TO17_pop
Delaware,DE,0.216302305,2085,0TO17_pop
Delaware,DE,0.215259146,2090,0TO17_pop
Delaware,DE,0.214139646,2095,0TO17_pop
Delaware,DE,0.173089479,2300,0TO17_pop
District of Columbia,DC,0.232481108,2010,0TO17_pop
District of Columbia,DC,0.245718266,2015,0TO17_pop
District of Columbia,DC,0.258635134,2020,0TO17_pop
District of Columbia,DC,0.242511958,2025,0TO17_pop
District of Columbia,DC,0.226341229,2030,0TO17_pop
District of Columbia,DC,0.229888078,2035,0TO17_pop
District of Columbia,DC,0.233409521,2040,0TO17_pop
District of Columbia,DC,0.237572837,2045,0TO17_pop
District of Columbia,DC,0.241762564,2050,0TO17_pop
District of Columbia,DC,0.23678482,2055,0TO17_pop
District of Columbia,DC,0.231737573,2060,0TO17_pop
District of Columbia,DC,0.233737111,2065,0TO17_pop
District of Columbia,DC,0.235756179,2070,0TO17_pop
District of Columbia,DC,0.236392603,2075,0TO17_pop
District of Columbia,DC,0.237034931,2080,0TO17_pop
District of Columbia,DC,0.233430625,2085,0TO17_pop
District of Columbia,DC,0.229820971,2090,0TO17_pop
District of Columbia,DC,0.228592858,2095,0TO17_pop
District of Columbia,DC,0.222838112,2300,0TO17_pop
Florida,FL,0.217785343,2010,0TO17_pop
Florida,FL,0.218823517,2015,0TO17_pop
Florida,FL,0.219757698,2020,0TO17_pop
Florida,FL,0.218583945,2025,0TO17_pop
Florida,FL,0.217556688,2030,0TO17_pop
Florida,FL,0.218599108,2035,0TO17_pop
Florida,FL,0.219573723,2040,0TO17_pop
Florida,FL,0.221190239,2045,0TO17_pop
Florida,FL,0.222684489,2050,0TO17_pop
Florida,FL,0.223461943,2055,0TO17_pop
Florida,FL,0.22419939,2060,0TO17_pop
Florida,FL,0.224295304,2065,0TO17_pop
Florida,FL,0.224379981,2070,0TO17_pop
Florida,FL,0.223781166,2075,0TO17_pop
Florida,FL,0.22321955,2080,0TO17_pop
Florida,FL,0.222073268,2085,0TO17_pop
Florida,FL,0.220963148,2090,0TO17_pop
Florida,FL,0.219521104,2095,0TO17_pop
Florida,FL,0.229304884,2300,0TO17_pop
Georgia,GA,0.246515462,2010,0TO17_pop
Georgia,GA,0.237645567,2015,0TO17_pop
Georgia,GA,0.230331924,2020,0TO17_pop
Georgia,GA,0.226354541,2025,0TO17_pop
Georgia,GA,0.222656321,2030,0TO17_pop
Georgia,GA,0.22129765,2035,0TO17_pop
Georgia,GA,0.21996873,2040,0TO17_pop
Georgia,GA,0.219261411,2045,0TO17_pop
Georgia,GA,0.21857654,2050,0TO17_pop
Georgia,GA,0.21897485,2055,0TO17_pop
Georgia,GA,0.219250053,2060,0TO17_pop
Georgia,GA,0.219048782,2065,0TO17_pop
Georgia,GA,0.218790943,2070,0TO17_pop
Georgia,GA,0.218048114,2075,0TO17_pop
Georgia,GA,0.217307177,2080,0TO17_pop
Georgia,GA,0.216357635,2085,0TO17_pop
Georgia,GA,0.215373583,2090,0TO17_pop
Georgia,GA,0.214181421,2095,0TO17_pop
Georgia,GA,0.133626152,2300,0TO17_pop
Idaho,ID,0.251352932,2010,0TO17_pop
Idaho,ID,0.24418587,2015,0TO17_pop
Idaho,ID,0.237471684,2020,0TO17_pop
Idaho,ID,0.234551023,2025,0TO17_pop
Idaho,ID,0.23172494,2030,0TO17_pop
Idaho,ID,0.228989115,2035,0TO17_pop
Idaho,ID,0.226178391,2040,0TO17_pop
Idaho,ID,0.224991205,2045,0TO17_pop
Idaho,ID,0.223784511,2050,0TO17_pop
Idaho,ID,0.223257891,2055,0TO17_pop
Idaho,ID,0.222665858,2060,0TO17_pop
Idaho,ID,0.221532584,2065,0TO17_pop
Idaho,ID,0.220269891,2070,0TO17_pop
Idaho,ID,0.219468456,2075,0TO17_pop
Idaho,ID,0.218609345,2080,0TO17_pop
Idaho,ID,0.217725578,2085,0TO17_pop
Idaho,ID,0.216752082,2090,0TO17_pop
Idaho,ID,0.21544949,2095,0TO17_pop
Idaho,ID,0.125924852,2300,0TO17_pop
Illinois,IL,0.244223625,2010,0TO17_pop
Illinois,IL,0.241958429,2015,0TO17_pop
Illinois,IL,0.240178677,2020,0TO17_pop
Illinois,IL,0.237515006,2025,0TO17_pop
Illinois,IL,0.234889304,2030,0TO17_pop
Illinois,IL,0.233870957,2035,0TO17_pop
Illinois,IL,0.232885474,2040,0TO17_pop
Illinois,IL,0.233535107,2045,0TO17_pop
Illinois,IL,0.234215426,2050,0TO17_pop
Illinois,IL,0.234095139,2055,0TO17_pop
Illinois,IL,0.233948763,2060,0TO17_pop
Illinois,IL,0.23338129,2065,0TO17_pop
Illinois,IL,0.23281507,2070,0TO17_pop
Illinois,IL,0.232145804,2075,0TO17_pop
Illinois,IL,0.231501159,2080,0TO17_pop
Illinois,IL,0.230131687,2085,0TO17_pop
Illinois,IL,0.228752503,2090,0TO17_pop
Illinois,IL,0.227236803,2095,0TO17_pop
Illinois,IL,0.188140808,2300,0TO17_pop
Indiana,IN,0.238480644,2010,0TO17_pop
Indiana,IN,0.23469267,2015,0TO17_pop
Indiana,IN,0.231486567,2020,0TO17_pop
Indiana,IN,0.230460616,2025,0TO17_pop
Indiana,IN,0.229595167,2030,0TO17_pop
Indiana,IN,0.228314454,2035,0TO17_pop
Indiana,IN,0.227071239,2040,0TO17_pop
Indiana,IN,0.227665818,2045,0TO17_pop
Indiana,IN,0.228355636,2050,0TO17_pop
Indiana,IN,0.228696723,2055,0TO17_pop
Indiana,IN,0.229094801,2060,0TO17_pop
Indiana,IN,0.228516585,2065,0TO17_pop
Indiana,IN,0.227907871,2070,0TO17_pop
Indiana,IN,0.227688187,2075,0TO17_pop
Indiana,IN,0.227481016,2080,0TO17_pop
Indiana,IN,0.226873058,2085,0TO17_pop
Indiana,IN,0.226242905,2090,0TO17_pop
Indiana,IN,0.2252359,2095,0TO17_pop
Indiana,IN,0.19411884,2300,0TO17_pop
Iowa,IA,0.22902609,2010,0TO17_pop
Iowa,IA,0.230314976,2015,0TO17_pop
Iowa,IA,0.232054376,2020,0TO17_pop
Iowa,IA,0.23148843,2025,0TO17_pop
Iowa,IA,0.230905177,2030,0TO17_pop
Iowa,IA,0.229053879,2035,0TO17_pop
Iowa,IA,0.22706455,2040,0TO17_pop
Iowa,IA,0.228986296,2045,0TO17_pop
Iowa,IA,0.231086277,2050,0TO17_pop
Iowa,IA,0.23085966,2055,0TO17_pop
Iowa,IA,0.230720531,2060,0TO17_pop
Iowa,IA,0.22989929,2065,0TO17_pop
Iowa,IA,0.228996301,2070,0TO17_pop
Iowa,IA,0.229328168,2075,0TO17_pop
Iowa,IA,0.229713739,2080,0TO17_pop
Iowa,IA,0.228989824,2085,0TO17_pop
Iowa,IA,0.228303577,2090,0TO17_pop
Iowa,IA,0.22729641,2095,0TO17_pop
Iowa,IA,0.226406979,2300,0TO17_pop
Kansas,KS,0.240829272,2010,0TO17_pop
Kansas,KS,0.23749805,2015,0TO17_pop
Kansas,KS,0.234866001,2020,0TO17_pop
Kansas,KS,0.232377015,2025,0TO17_pop
Kansas,KS,0.229834945,2030,0TO17_pop
Kansas,KS,0.227363749,2035,0TO17_pop
Kansas,KS,0.22484078,2040,0TO17_pop
Kansas,KS,0.225315644,2045,0TO17_pop
Kansas,KS,0.225848492,2050,0TO17_pop
Kansas,KS,0.225435494,2055,0TO17_pop
Kansas,KS,0.225008346,2060,0TO17_pop
Kansas,KS,0.22388681,2065,0TO17_pop
Kansas,KS,0.22270231,2070,0TO17_pop
Kansas,KS,0.222431008,2075,0TO17_pop
Kansas,KS,0.222175212,2080,0TO17_pop
Kansas,KS,0.221236788,2085,0TO17_pop
Kansas,KS,0.22028374,2090,0TO17_pop
Kansas,KS,0.218970619,2095,0TO17_pop
Kansas,KS,0.16635172,2300,0TO17_pop
Kentucky,KY,0.229601773,2010,0TO17_pop
Kentucky,KY,0.226515369,2015,0TO17_pop
Kentucky,KY,0.223557224,2020,0TO17_pop
Kentucky,KY,0.221713388,2025,0TO17_pop
Kentucky,KY,0.219926731,2030,0TO17_pop
Kentucky,KY,0.219877935,2035,0TO17_pop
Kentucky,KY,0.219877653,2040,0TO17_pop
Kentucky,KY,0.22043484,2045,0TO17_pop
Kentucky,KY,0.221084419,2050,0TO17_pop
Kentucky,KY,0.221390686,2055,0TO17_pop
Kentucky,KY,0.221766107,2060,0TO17_pop
Kentucky,KY,0.221703164,2065,0TO17_pop
Kentucky,KY,0.221651066,2070,0TO17_pop
Kentucky,KY,0.22138894,2075,0TO17_pop
Kentucky,KY,0.221144081,2080,0TO17_pop
Kentucky,KY,0.220454115,2085,0TO17_pop
Kentucky,KY,0.219731488,2090,0TO17_pop
Kentucky,KY,0.21891779,2095,0TO17_pop
Kentucky,KY,0.193821991,2300,0TO17_pop
Louisiana,LA,0.247761093,2010,0TO17_pop
Louisiana,LA,0.244647312,2015,0TO17_pop
Louisiana,LA,0.241634055,2020,0TO17_pop
Louisiana,LA,0.237722453,2025,0TO17_pop
Louisiana,LA,0.233976951,2030,0TO17_pop
Louisiana,LA,0.231510709,2035,0TO17_pop
Louisiana,LA,0.229080199,2040,0TO17_pop
Louisiana,LA,0.228667943,2045,0TO17_pop
Louisiana,LA,0.228256374,2050,0TO17_pop
Louisiana,LA,0.227109568,2055,0TO17_pop
Louisiana,LA,0.225976608,2060,0TO17_pop
Louisiana,LA,0.224850033,2065,0TO17_pop
Louisiana,LA,0.223718509,2070,0TO17_pop
Louisiana,LA,0.223009049,2075,0TO17_pop
Louisiana,LA,0.222297292,2080,0TO17_pop
Louisiana,LA,0.221255601,2085,0TO17_pop
Louisiana,LA,0.220205335,2090,0TO17_pop
Louisiana,LA,0.219089947,2095,0TO17_pop
Louisiana,LA,0.147871472,2300,0TO17_pop
Maine,ME,0.201835798,2010,0TO17_pop
Maine,ME,0.203634572,2015,0TO17_pop
Maine,ME,0.205517942,2020,0TO17_pop
Maine,ME,0.205769999,2025,0TO17_pop
Maine,ME,0.206003961,2030,0TO17_pop
Maine,ME,0.204917078,2035,0TO17_pop
Maine,ME,0.203813662,2040,0TO17_pop
Maine,ME,0.20730092,2045,0TO17_pop
Maine,ME,0.210929519,2050,0TO17_pop
Maine,ME,0.21233507,2055,0TO17_pop
Maine,ME,0.213751872,2060,0TO17_pop
Maine,ME,0.213163527,2065,0TO17_pop
Maine,ME,0.212565093,2070,0TO17_pop
Maine,ME,0.212858178,2075,0TO17_pop
Maine,ME,0.213174286,2080,0TO17_pop
Maine,ME,0.21275476,2085,0TO17_pop
Maine,ME,0.212281487,2090,0TO17_pop
Maine,ME,0.211155799,2095,0TO17_pop
Maine,ME,0.239701419,2300,0TO17_pop
Maryland,MD,0.232264638,2010,0TO17_pop
Maryland,MD,0.229396977,2015,0TO17_pop
Maryland,MD,0.227058845,2020,0TO17_pop
Maryland,MD,0.224516671,2025,0TO17_pop
Maryland,MD,0.222033599,2030,0TO17_pop
Maryland,MD,0.220991598,2035,0TO17_pop
Maryland,MD,0.220011609,2040,0TO17_pop
Maryland,MD,0.221072824,2045,0TO17_pop
Maryland,MD,0.222146529,2050,0TO17_pop
Maryland,MD,0.222648298,2055,0TO17_pop
Maryland,MD,0.223081109,2060,0TO17_pop
Maryland,MD,0.222567558,2065,0TO17_pop
Maryland,MD,0.222068472,2070,0TO17_pop
Maryland,MD,0.221434826,2075,0TO17_pop
Maryland,MD,0.220851484,2080,0TO17_pop
Maryland,MD,0.219938194,2085,0TO17_pop
Maryland,MD,0.218995275,2090,0TO17_pop
Maryland,MD,0.217713078,2095,0TO17_pop
Maryland,MD,0.184163197,2300,0TO17_pop
Massachusetts,MA,0.223388875,2010,0TO17_pop
Massachusetts,MA,0.224904701,2015,0TO17_pop
Massachusetts,MA,0.226271457,2020,0TO17_pop
Massachusetts,MA,0.223304657,2025,0TO17_pop
Massachusetts,MA,0.220413704,2030,0TO17_pop
Massachusetts,MA,0.220110425,2035,0TO17_pop
Massachusetts,MA,0.219818113,2040,0TO17_pop
Massachusetts,MA,0.222230027,2045,0TO17_pop
Massachusetts,MA,0.224621981,2050,0TO17_pop
Massachusetts,MA,0.224786757,2055,0TO17_pop
Massachusetts,MA,0.224960573,2060,0TO17_pop
Massachusetts,MA,0.224869094,2065,0TO17_pop
Massachusetts,MA,0.224781767,2070,0TO17_pop
Massachusetts,MA,0.224637026,2075,0TO17_pop
Massachusetts,MA,0.224499386,2080,0TO17_pop
Massachusetts,MA,0.223338038,2085,0TO17_pop
Massachusetts,MA,0.222212924,2090,0TO17_pop
Massachusetts,MA,0.220992024,2095,0TO17_pop
Massachusetts,MA,0.219126053,2300,0TO17_pop
Michigan,MI,0.23289588,2010,0TO17_pop
Michigan,MI,0.231338739,2015,0TO17_pop
Michigan,MI,0.2299422,2020,0TO17_pop
Michigan,MI,0.229709243,2025,0TO17_pop
Michigan,MI,0.229546385,2030,0TO17_pop
Michigan,MI,0.22772309,2035,0TO17_pop
Michigan,MI,0.225920513,2040,0TO17_pop
Michigan,MI,0.227183239,2045,0TO17_pop
Michigan,MI,0.22847385,2050,0TO17_pop
Michigan,MI,0.228879399,2055,0TO17_pop
Michigan,MI,0.22929808,2060,0TO17_pop
Michigan,MI,0.228384856,2065,0TO17_pop
Michigan,MI,0.22746212,2070,0TO17_pop
Michigan,MI,0.227161681,2075,0TO17_pop
Michigan,MI,0.226873024,2080,0TO17_pop
Michigan,MI,0.226247857,2085,0TO17_pop
Michigan,MI,0.225609154,2090,0TO17_pop
Michigan,MI,0.224532201,2095,0TO17_pop
Michigan,MI,0.206481498,2300,0TO17_pop
Minnesota,MN,0.2331745,2010,0TO17_pop
Minnesota,MN,0.231472106,2015,0TO17_pop
Minnesota,MN,0.230238713,2020,0TO17_pop
Minnesota,MN,0.228676184,2025,0TO17_pop
Minnesota,MN,0.227177363,2030,0TO17_pop
Minnesota,MN,0.225670436,2035,0TO17_pop
Minnesota,MN,0.224200148,2040,0TO17_pop
Minnesota,MN,0.22553443,2045,0TO17_pop
Minnesota,MN,0.226941666,2050,0TO17_pop
Minnesota,MN,0.227404609,2055,0TO17_pop
Minnesota,MN,0.227844747,2060,0TO17_pop
Minnesota,MN,0.227273748,2065,0TO17_pop
Minnesota,MN,0.226701156,2070,0TO17_pop
Minnesota,MN,0.22670056,2075,0TO17_pop
Minnesota,MN,0.226762217,2080,0TO17_pop
Minnesota,MN,0.226155948,2085,0TO17_pop
Minnesota,MN,0.225567842,2090,0TO17_pop
Minnesota,MN,0.224665874,2095,0TO17_pop
Minnesota,MN,0.205600366,2300,0TO17_pop
Mississippi,MS,0.248271594,2010,0TO17_pop
Mississippi,MS,0.243878605,2015,0TO17_pop
Mississippi,MS,0.239795453,2020,0TO17_pop
Mississippi,MS,0.236467625,2025,0TO17_pop
Mississippi,MS,0.233187756,2030,0TO17_pop
Mississippi,MS,0.230600805,2035,0TO17_pop
Mississippi,MS,0.228002406,2040,0TO17_pop
Mississippi,MS,0.227011651,2045,0TO17_pop
Mississippi,MS,0.226017474,2050,0TO17_pop
Mississippi,MS,0.224985056,2055,0TO17_pop
Mississippi,MS,0.223910372,2060,0TO17_pop
Mississippi,MS,0.222750443,2065,0TO17_pop
Mississippi,MS,0.221528989,2070,0TO17_pop
Mississippi,MS,0.220603135,2075,0TO17_pop
Mississippi,MS,0.219637614,2080,0TO17_pop
Mississippi,MS,0.218651947,2085,0TO17_pop
Mississippi,MS,0.217614579,2090,0TO17_pop
Mississippi,MS,0.2164325,2095,0TO17_pop
Mississippi,MS,0.137139913,2300,0TO17_pop
Missouri,MO,0.231643718,2010,0TO17_pop
Missouri,MO,0.229114315,2015,0TO17_pop
Missouri,MO,0.226886867,2020,0TO17_pop
Missouri,MO,0.224196734,2025,0TO17_pop
Missouri,MO,0.221540432,2030,0TO17_pop
Missouri,MO,0.219764805,2035,0TO17_pop
Missouri,MO,0.217983861,2040,0TO17_pop
Missouri,MO,0.218504205,2045,0TO17_pop
Missouri,MO,0.219045403,2050,0TO17_pop
Missouri,MO,0.218790725,2055,0TO17_pop
Missouri,MO,0.218518365,2060,0TO17_pop
Missouri,MO,0.217821352,2065,0TO17_pop
Missouri,MO,0.217102618,2070,0TO17_pop
Missouri,MO,0.216841715,2075,0TO17_pop
Missouri,MO,0.216594881,2080,0TO17_pop
Missouri,MO,0.21572005,2085,0TO17_pop
Missouri,MO,0.214823281,2090,0TO17_pop
Missouri,MO,0.21373457,2095,0TO17_pop
Missouri,MO,0.170669637,2300,0TO17_pop
Montana,MT,0.218978231,2010,0TO17_pop
Montana,MT,0.219975787,2015,0TO17_pop
Montana,MT,0.22077341,2020,0TO17_pop
Montana,MT,0.219905083,2025,0TO17_pop
Montana,MT,0.219193369,2030,0TO17_pop
Montana,MT,0.217611626,2035,0TO17_pop
Montana,MT,0.215901061,2040,0TO17_pop
Montana,MT,0.217927606,2045,0TO17_pop
Montana,MT,0.220043846,2050,0TO17_pop
Montana,MT,0.220285751,2055,0TO17_pop
Montana,MT,0.22059103,2060,0TO17_pop
Montana,MT,0.219421242,2065,0TO17_pop
Montana,MT,0.218165382,2070,0TO17_pop
Montana,MT,0.218172022,2075,0TO17_pop
Montana,MT,0.218162231,2080,0TO17_pop
Montana,MT,0.217540269,2085,0TO17_pop
Montana,MT,0.216885732,2090,0TO17_pop
Montana,MT,0.215580136,2095,0TO17_pop
Montana,MT,0.211392923,2300,0TO17_pop
Nebraska,NE,0.241376461,2010,0TO17_pop
Nebraska,NE,0.238393426,2015,0TO17_pop
Nebraska,NE,0.235737657,2020,0TO17_pop
Nebraska,NE,0.233335948,2025,0TO17_pop
Nebraska,NE,0.23146814,2030,0TO17_pop
Nebraska,NE,0.229075242,2035,0TO17_pop
Nebraska,NE,0.226618357,2040,0TO17_pop
Nebraska,NE,0.226917414,2045,0TO17_pop
Nebraska,NE,0.227323746,2050,0TO17_pop
Nebraska,NE,0.227283302,2055,0TO17_pop
Nebraska,NE,0.227331069,2060,0TO17_pop
Nebraska,NE,0.226001726,2065,0TO17_pop
Nebraska,NE,0.22458496,2070,0TO17_pop
Nebraska,NE,0.224237255,2075,0TO17_pop
Nebraska,NE,0.223916808,2080,0TO17_pop
Nebraska,NE,0.223266697,2085,0TO17_pop
Nebraska,NE,0.222661246,2090,0TO17_pop
Nebraska,NE,0.221496658,2095,0TO17_pop
Nebraska,NE,0.173533804,2300,0TO17_pop
Nevada,NV,0.241710955,2010,0TO17_pop
Nevada,NV,0.234369499,2015,0TO17_pop
Nevada,NV,0.228168456,2020,0TO17_pop
Nevada,NV,0.225639727,2025,0TO17_pop
Nevada,NV,0.223466398,2030,0TO17_pop
Nevada,NV,0.223847384,2035,0TO17_pop
Nevada,NV,0.224175303,2040,0TO17_pop
Nevada,NV,0.224482623,2045,0TO17_pop
Nevada,NV,0.224735326,2050,0TO17_pop
Nevada,NV,0.22525095,2055,0TO17_pop
Nevada,NV,0.225722107,2060,0TO17_pop
Nevada,NV,0.225595419,2065,0TO17_pop
Nevada,NV,0.225453467,2070,0TO17_pop
Nevada,NV,0.224501269,2075,0TO17_pop
Nevada,NV,0.223596711,2080,0TO17_pop
Nevada,NV,0.22194332,2085,0TO17_pop
Nevada,NV,0.220383938,2090,0TO17_pop
Nevada,NV,0.218785109,2095,0TO17_pop
Nevada,NV,0.164400518,2300,0TO17_pop
New Hampshire,NH,0.212013541,2010,0TO17_pop
New Hampshire,NH,0.211279582,2015,0TO17_pop
New Hampshire,NH,0.210798686,2020,0TO17_pop
New Hampshire,NH,0.210991123,2025,0TO17_pop
New Hampshire,NH,0.211095786,2030,0TO17_pop
New Hampshire,NH,0.208895755,2035,0TO17_pop
New Hampshire,NH,0.20672724,2040,0TO17_pop
New Hampshire,NH,0.209554032,2045,0TO17_pop
New Hampshire,NH,0.212368368,2050,0TO17_pop
New Hampshire,NH,0.214012708,2055,0TO17_pop
New Hampshire,NH,0.215609513,2060,0TO17_pop
New Hampshire,NH,0.214732517,2065,0TO17_pop
New Hampshire,NH,0.213875473,2070,0TO17_pop
New Hampshire,NH,0.213932408,2075,0TO17_pop
New Hampshire,NH,0.214008195,2080,0TO17_pop
New Hampshire,NH,0.213710423,2085,0TO17_pop
New Hampshire,NH,0.213439786,2090,0TO17_pop
New Hampshire,NH,0.212295429,2095,0TO17_pop
New Hampshire,NH,0.217183679,2300,0TO17_pop
New Jersey,NJ,0.229979942,2010,0TO17_pop
New Jersey,NJ,0.22707055,2015,0TO17_pop
New Jersey,NJ,0.22436061,2020,0TO17_pop
New Jersey,NJ,0.224966914,2025,0TO17_pop
New Jersey,NJ,0.225598653,2030,0TO17_pop
New Jersey,NJ,0.226117275,2035,0TO17_pop
New Jersey,NJ,0.226582257,2040,0TO17_pop
New Jersey,NJ,0.227773308,2045,0TO17_pop
New Jersey,NJ,0.228899437,2050,0TO17_pop
New Jersey,NJ,0.23071597,2055,0TO17_pop
New Jersey,NJ,0.232452714,2060,0TO17_pop
New Jersey,NJ,0.232311068,2065,0TO17_pop
New Jersey,NJ,0.232161243,2070,0TO17_pop
New Jersey,NJ,0.231172164,2075,0TO17_pop
New Jersey,NJ,0.230244471,2080,0TO17_pop
New Jersey,NJ,0.229538403,2085,0TO17_pop
New Jersey,NJ,0.228849156,2090,0TO17_pop
New Jersey,NJ,0.227549924,2095,0TO17_pop
New Jersey,NJ,0.225880844,2300,0TO17_pop
New Mexico,NM,0.256369992,2010,0TO17_pop
New Mexico,NM,0.257066941,2015,0TO17_pop
New Mexico,NM,0.257666268,2020,0TO17_pop
New Mexico,NM,0.252104304,2025,0TO17_pop
New Mexico,NM,0.246971789,2030,0TO17_pop
New Mexico,NM,0.245628519,2035,0TO17_pop
New Mexico,NM,0.244378594,2040,0TO17_pop
New Mexico,NM,0.244767043,2045,0TO17_pop
New Mexico,NM,0.245182595,2050,0TO17_pop
New Mexico,NM,0.243614278,2055,0TO17_pop
New Mexico,NM,0.242114481,2060,0TO17_pop
New Mexico,NM,0.240742882,2065,0TO17_pop
New Mexico,NM,0.239401415,2070,0TO17_pop
New Mexico,NM,0.237448297,2075,0TO17_pop
New Mexico,NM,0.23554592,2080,0TO17_pop
New Mexico,NM,0.233140175,2085,0TO17_pop
New Mexico,NM,0.230803975,2090,0TO17_pop
New Mexico,NM,0.228128102,2095,0TO17_pop
New Mexico,NM,0.163693178,2300,0TO17_pop
New York,NY,0.230909663,2010,0TO17_pop
New York,NY,0.232792558,2015,0TO17_pop
New York,NY,0.234614726,2020,0TO17_pop
New York,NY,0.232366716,2025,0TO17_pop
New York,NY,0.230314596,2030,0TO17_pop
New York,NY,0.230390643,2035,0TO17_pop
New York,NY,0.230429873,2040,0TO17_pop
New York,NY,0.232213857,2045,0TO17_pop
New York,NY,0.233928825,2050,0TO17_pop
New York,NY,0.233721359,2055,0TO17_pop
New York,NY,0.233527224,2060,0TO17_pop
New York,NY,0.23291368,2065,0TO17_pop
New York,NY,0.232318817,2070,0TO17_pop
New York,NY,0.231490652,2075,0TO17_pop
New York,NY,0.230713515,2080,0TO17_pop
New York,NY,0.229214822,2085,0TO17_pop
New York,NY,0.227774979,2090,0TO17_pop
New York,NY,0.22598194,2095,0TO17_pop
New York,NY,0.219546435,2300,0TO17_pop
North Carolina,NC,0.233510503,2010,0TO17_pop
North Carolina,NC,0.228035424,2015,0TO17_pop
North Carolina,NC,0.223090048,2020,0TO17_pop
North Carolina,NC,0.22027685,2025,0TO17_pop
North Carolina,NC,0.217699587,2030,0TO17_pop
North Carolina,NC,0.217453408,2035,0TO17_pop
North Carolina,NC,0.217190954,2040,0TO17_pop
North Carolina,NC,0.217225204,2045,0TO17_pop
North Carolina,NC,0.21728204,2050,0TO17_pop
North Carolina,NC,0.217942972,2055,0TO17_pop
North Carolina,NC,0.218585218,2060,0TO17_pop
North Carolina,NC,0.218608657,2065,0TO17_pop
North Carolina,NC,0.218601202,2070,0TO17_pop
North Carolina,NC,0.217926182,2075,0TO17_pop
North Carolina,NC,0.217259474,2080,0TO17_pop
North Carolina,NC,0.216334701,2085,0TO17_pop
North Carolina,NC,0.215402689,2090,0TO17_pop
North Carolina,NC,0.214241829,2095,0TO17_pop
North Carolina,NC,0.167869679,2300,0TO17_pop
North Dakota,ND,0.225520023,2010,0TO17_pop
North Dakota,ND,0.230786811,2015,0TO17_pop
North Dakota,ND,0.235954034,2020,0TO17_pop
North Dakota,ND,0.232717575,2025,0TO17_pop
North Dakota,ND,0.229810414,2030,0TO17_pop
North Dakota,ND,0.227176384,2035,0TO17_pop
North Dakota,ND,0.224430654,2040,0TO17_pop
North Dakota,ND,0.227723557,2045,0TO17_pop
North Dakota,ND,0.231190533,2050,0TO17_pop
North Dakota,ND,0.230473732,2055,0TO17_pop
North Dakota,ND,0.229846413,2060,0TO17_pop
North Dakota,ND,0.229020765,2065,0TO17_pop
North Dakota,ND,0.228156302,2070,0TO17_pop
North Dakota,ND,0.229079697,2075,0TO17_pop
North Dakota,ND,0.230062733,2080,0TO17_pop
North Dakota,ND,0.229721939,2085,0TO17_pop
North Dakota,ND,0.229541141,2090,0TO17_pop
North Dakota,ND,0.228937395,2095,0TO17_pop
North Dakota,ND,0.240096575,2300,0TO17_pop
Ohio,OH,0.231127176,2010,0TO17_pop
Ohio,OH,0.229564299,2015,0TO17_pop
Ohio,OH,0.228170014,2020,0TO17_pop
Ohio,OH,0.227932201,2025,0TO17_pop
Ohio,OH,0.227868604,2030,0TO17_pop
Ohio,OH,0.226659691,2035,0TO17_pop
Ohio,OH,0.225474645,2040,0TO17_pop
Ohio,OH,0.226588263,2045,0TO17_pop
Ohio,OH,0.227801037,2050,0TO17_pop
Ohio,OH,0.228233749,2055,0TO17_pop
Ohio,OH,0.228731328,2060,0TO17_pop
Ohio,OH,0.228040212,2065,0TO17_pop
Ohio,OH,0.227333642,2070,0TO17_pop
Ohio,OH,0.227150796,2075,0TO17_pop
Ohio,OH,0.227005319,2080,0TO17_pop
Ohio,OH,0.226467675,2085,0TO17_pop
Ohio,OH,0.225915653,2090,0TO17_pop
Ohio,OH,0.225037299,2095,0TO17_pop
Ohio,OH,0.212235404,2300,0TO17_pop
Arizona,AZ,0.256783614,2010,0TO17_pop
Arizona,AZ,0.252663439,2015,0TO17_pop
Arizona,AZ,0.248753272,2020,0TO17_pop
Arizona,AZ,0.245522652,2025,0TO17_pop
Arizona,AZ,0.242502719,2030,0TO17_pop
Arizona,AZ,0.241614829,2035,0TO17_pop
Arizona,AZ,0.240781714,2040,0TO17_pop
Arizona,AZ,0.239930585,2045,0TO17_pop
Arizona,AZ,0.239109369,2050,0TO17_pop
Arizona,AZ,0.238627168,2055,0TO17_pop
Arizona,AZ,0.238180956,2060,0TO17_pop
Arizona,AZ,0.237359645,2065,0TO17_pop
Arizona,AZ,0.236581149,2070,0TO17_pop
Arizona,AZ,0.235278531,2075,0TO17_pop
Arizona,AZ,0.234036063,2080,0TO17_pop
Arizona,AZ,0.232182037,2085,0TO17_pop
Arizona,AZ,0.230409185,2090,0TO17_pop
Arizona,AZ,0.228473776,2095,0TO17_pop
Arizona,AZ,0.161176309,2300,0TO17_pop
Oklahoma,OK,0.240759207,2010,0TO17_pop
Oklahoma,OK,0.237705747,2015,0TO17_pop
Oklahoma,OK,0.234721496,2020,0TO17_pop
Oklahoma,OK,0.231089077,2025,0TO17_pop
Oklahoma,OK,0.227632843,2030,0TO17_pop
Oklahoma,OK,0.226043625,2035,0TO17_pop
Oklahoma,OK,0.224425175,2040,0TO17_pop
Oklahoma,OK,0.224250045,2045,0TO17_pop
Oklahoma,OK,0.224066103,2050,0TO17_pop
Oklahoma,OK,0.223267095,2055,0TO17_pop
Oklahoma,OK,0.222452368,2060,0TO17_pop
Oklahoma,OK,0.221506282,2065,0TO17_pop
Oklahoma,OK,0.220502903,2070,0TO17_pop
Oklahoma,OK,0.219799823,2075,0TO17_pop
Oklahoma,OK,0.219056454,2080,0TO17_pop
Oklahoma,OK,0.217810265,2085,0TO17_pop
Oklahoma,OK,0.216504386,2090,0TO17_pop
Oklahoma,OK,0.215013875,2095,0TO17_pop
Oklahoma,OK,0.152835481,2300,0TO17_pop
Oregon,OR,0.226724437,2010,0TO17_pop
Oregon,OR,0.226485184,2015,0TO17_pop
Oregon,OR,0.22652511,2020,0TO17_pop
Oregon,OR,0.224530302,2025,0TO17_pop
Oregon,OR,0.222503135,2030,0TO17_pop
Oregon,OR,0.222452923,2035,0TO17_pop
Oregon,OR,0.222358051,2040,0TO17_pop
Oregon,OR,0.224360706,2045,0TO17_pop
Oregon,OR,0.226443283,2050,0TO17_pop
Oregon,OR,0.226517753,2055,0TO17_pop
Oregon,OR,0.226557333,2060,0TO17_pop
Oregon,OR,0.226284211,2065,0TO17_pop
Oregon,OR,0.225967236,2070,0TO17_pop
Oregon,OR,0.225896682,2075,0TO17_pop
Oregon,OR,0.225824094,2080,0TO17_pop
Oregon,OR,0.224480013,2085,0TO17_pop
Oregon,OR,0.223124576,2090,0TO17_pop
Oregon,OR,0.221795465,2095,0TO17_pop
Oregon,OR,0.213674941,2300,0TO17_pop
Pennsylvania,PA,0.217030169,2010,0TO17_pop
Pennsylvania,PA,0.219694417,2015,0TO17_pop
Pennsylvania,PA,0.222521077,2020,0TO17_pop
Pennsylvania,PA,0.222690885,2025,0TO17_pop
Pennsylvania,PA,0.222856111,2030,0TO17_pop
Pennsylvania,PA,0.221561688,2035,0TO17_pop
Pennsylvania,PA,0.220289337,2040,0TO17_pop
Pennsylvania,PA,0.222928692,2045,0TO17_pop
Pennsylvania,PA,0.225654033,2050,0TO17_pop
Pennsylvania,PA,0.226211743,2055,0TO17_pop
Pennsylvania,PA,0.226779017,2060,0TO17_pop
Pennsylvania,PA,0.226009367,2065,0TO17_pop
Pennsylvania,PA,0.225243817,2070,0TO17_pop
Pennsylvania,PA,0.225343147,2075,0TO17_pop
Pennsylvania,PA,0.225473762,2080,0TO17_pop
Pennsylvania,PA,0.224852133,2085,0TO17_pop
Pennsylvania,PA,0.224228357,2090,0TO17_pop
Pennsylvania,PA,0.223079971,2095,0TO17_pop
Pennsylvania,PA,0.243123601,2300,0TO17_pop
Rhode Island,RI,0.221760665,2010,0TO17_pop
Rhode Island,RI,0.225883379,2015,0TO17_pop
Rhode Island,RI,0.229782642,2020,0TO17_pop
Rhode Island,RI,0.225252943,2025,0TO17_pop
Rhode Island,RI,0.220901569,2030,0TO17_pop
Rhode Island,RI,0.218487717,2035,0TO17_pop
Rhode Island,RI,0.216086145,2040,0TO17_pop
Rhode Island,RI,0.219354512,2045,0TO17_pop
Rhode Island,RI,0.222616175,2050,0TO17_pop
Rhode Island,RI,0.22216574,2055,0TO17_pop
Rhode Island,RI,0.221748522,2060,0TO17_pop
Rhode Island,RI,0.221012666,2065,0TO17_pop
Rhode Island,RI,0.220263168,2070,0TO17_pop
Rhode Island,RI,0.220423646,2075,0TO17_pop
Rhode Island,RI,0.220575384,2080,0TO17_pop
Rhode Island,RI,0.219221952,2085,0TO17_pop
Rhode Island,RI,0.217882962,2090,0TO17_pop
Rhode Island,RI,0.216113909,2095,0TO17_pop
Rhode Island,RI,0.207703992,2300,0TO17_pop
South Carolina,SC,0.231008879,2010,0TO17_pop
South Carolina,SC,0.228104619,2015,0TO17_pop
South Carolina,SC,0.225310324,2020,0TO17_pop
South Carolina,SC,0.222181803,2025,0TO17_pop
South Carolina,SC,0.219268505,2030,0TO17_pop
South Carolina,SC,0.218224354,2035,0TO17_pop
South Carolina,SC,0.217186312,2040,0TO17_pop
South Carolina,SC,0.217352601,2045,0TO17_pop
South Carolina,SC,0.217488722,2050,0TO17_pop
South Carolina,SC,0.21733413,2055,0TO17_pop
South Carolina,SC,0.21717608,2060,0TO17_pop
South Carolina,SC,0.216668763,2065,0TO17_pop
South Carolina,SC,0.21614015,2070,0TO17_pop
South Carolina,SC,0.215382537,2075,0TO17_pop
South Carolina,SC,0.214612591,2080,0TO17_pop
South Carolina,SC,0.213692375,2085,0TO17_pop
South Carolina,SC,0.212769546,2090,0TO17_pop
South Carolina,SC,0.211585924,2095,0TO17_pop
South Carolina,SC,0.164891296,2300,0TO17_pop
South Dakota,SD,0.236640095,2010,0TO17_pop
South Dakota,SD,0.235299813,2015,0TO17_pop
South Dakota,SD,0.233942734,2020,0TO17_pop
South Dakota,SD,0.231838516,2025,0TO17_pop
South Dakota,SD,0.22984445,2030,0TO17_pop
South Dakota,SD,0.227010041,2035,0TO17_pop
South Dakota,SD,0.224088219,2040,0TO17_pop
South Dakota,SD,0.224330139,2045,0TO17_pop
South Dakota,SD,0.224655028,2050,0TO17_pop
South Dakota,SD,0.224268704,2055,0TO17_pop
South Dakota,SD,0.223900782,2060,0TO17_pop
South Dakota,SD,0.222535914,2065,0TO17_pop
South Dakota,SD,0.221092859,2070,0TO17_pop
South Dakota,SD,0.220770586,2075,0TO17_pop
South Dakota,SD,0.220481483,2080,0TO17_pop
South Dakota,SD,0.220004439,2085,0TO17_pop
South Dakota,SD,0.219558437,2090,0TO17_pop
South Dakota,SD,0.218574777,2095,0TO17_pop
South Dakota,SD,0.174719083,2300,0TO17_pop
Tennessee,TN,0.230063623,2010,0TO17_pop
Tennessee,TN,0.226529521,2015,0TO17_pop
Tennessee,TN,0.223272848,2020,0TO17_pop
Tennessee,TN,0.220952394,2025,0TO17_pop
Tennessee,TN,0.218760854,2030,0TO17_pop
Tennessee,TN,0.218547907,2035,0TO17_pop
Tennessee,TN,0.218398748,2040,0TO17_pop
Tennessee,TN,0.218893353,2045,0TO17_pop
Tennessee,TN,0.219452736,2050,0TO17_pop
Tennessee,TN,0.219740672,2055,0TO17_pop
Tennessee,TN,0.220056199,2060,0TO17_pop
Tennessee,TN,0.219976987,2065,0TO17_pop
Tennessee,TN,0.219916394,2070,0TO17_pop
Tennessee,TN,0.219496963,2075,0TO17_pop
Tennessee,TN,0.219093745,2080,0TO17_pop
Tennessee,TN,0.218202419,2085,0TO17_pop
Tennessee,TN,0.21728513,2090,0TO17_pop
Tennessee,TN,0.216315105,2095,0TO17_pop
Tennessee,TN,0.183741587,2300,0TO17_pop
Texas,TX,0.266290468,2010,0TO17_pop
Texas,TX,0.260269882,2015,0TO17_pop
Texas,TX,0.25521563,2020,0TO17_pop
Texas,TX,0.250297635,2025,0TO17_pop
Texas,TX,0.245960651,2030,0TO17_pop
Texas,TX,0.244600973,2035,0TO17_pop
Texas,TX,0.243343774,2040,0TO17_pop
Texas,TX,0.242463493,2045,0TO17_pop
Texas,TX,0.241652451,2050,0TO17_pop
Texas,TX,0.241057379,2055,0TO17_pop
Texas,TX,0.240495523,2060,0TO17_pop
Texas,TX,0.239542711,2065,0TO17_pop
Texas,TX,0.238619641,2070,0TO17_pop
Texas,TX,0.237151287,2075,0TO17_pop
Texas,TX,0.235749683,2080,0TO17_pop
Texas,TX,0.233868775,2085,0TO17_pop
Texas,TX,0.232064818,2090,0TO17_pop
Texas,TX,0.229991739,2095,0TO17_pop
Texas,TX,0.142222487,2300,0TO17_pop
Utah,UT,0.293470415,2010,0TO17_pop
Utah,UT,0.277019277,2015,0TO17_pop
Utah,UT,0.262550355,2020,0TO17_pop
Utah,UT,0.252091847,2025,0TO17_pop
Utah,UT,0.24270524,2030,0TO17_pop
Utah,UT,0.237392554,2035,0TO17_pop
Utah,UT,0.232507579,2040,0TO17_pop
Utah,UT,0.22741468,2045,0TO17_pop
Utah,UT,0.222634069,2050,0TO17_pop
Utah,UT,0.220202401,2055,0TO17_pop
Utah,UT,0.21787624,2060,0TO17_pop
Utah,UT,0.216712757,2065,0TO17_pop
Utah,UT,0.215503618,2070,0TO17_pop
Utah,UT,0.214570284,2075,0TO17_pop
Utah,UT,0.213570503,2080,0TO17_pop
Utah,UT,0.212492099,2085,0TO17_pop
Utah,UT,0.21133254,2090,0TO17_pop
Utah,UT,0.210694095,2095,0TO17_pop
Utah,UT,-0.004279382,2300,0TO17_pop
Arkansas,AR,0.235524437,2010,0TO17_pop
Arkansas,AR,0.23207654,2015,0TO17_pop
Arkansas,AR,0.22889538,2020,0TO17_pop
Arkansas,AR,0.22685197,2025,0TO17_pop
Arkansas,AR,0.225033596,2030,0TO17_pop
Arkansas,AR,0.223950716,2035,0TO17_pop
Arkansas,AR,0.222912901,2040,0TO17_pop
Arkansas,AR,0.222807969,2045,0TO17_pop
Arkansas,AR,0.222750479,2050,0TO17_pop
Arkansas,AR,0.222653365,2055,0TO17_pop
Arkansas,AR,0.222584742,2060,0TO17_pop
Arkansas,AR,0.222077396,2065,0TO17_pop
Arkansas,AR,0.221542442,2070,0TO17_pop
Arkansas,AR,0.221075027,2075,0TO17_pop
Arkansas,AR,0.22060228,2080,0TO17_pop
Arkansas,AR,0.219740812,2085,0TO17_pop
Arkansas,AR,0.218842221,2090,0TO17_pop
Arkansas,AR,0.217786183,2095,0TO17_pop
Arkansas,AR,0.175051406,2300,0TO17_pop
Vermont,VT,0.204416619,2010,0TO17_pop
Vermont,VT,0.208555842,2015,0TO17_pop
Vermont,VT,0.212852353,2020,0TO17_pop
Vermont,VT,0.212498315,2025,0TO17_pop
Vermont,VT,0.212288908,2030,0TO17_pop
Vermont,VT,0.210424883,2035,0TO17_pop
Vermont,VT,0.208501265,2040,0TO17_pop
Vermont,VT,0.212819801,2045,0TO17_pop
Vermont,VT,0.217510865,2050,0TO17_pop
Vermont,VT,0.218422115,2055,0TO17_pop
Vermont,VT,0.219469822,2060,0TO17_pop
Vermont,VT,0.218640936,2065,0TO17_pop
Vermont,VT,0.217744589,2070,0TO17_pop
Vermont,VT,0.218516194,2075,0TO17_pop
Vermont,VT,0.219344693,2080,0TO17_pop
Vermont,VT,0.218884622,2085,0TO17_pop
Vermont,VT,0.218431853,2090,0TO17_pop
Vermont,VT,0.217259417,2095,0TO17_pop
Vermont,VT,0.25522184,2300,0TO17_pop
Virginia,VA,0.229015678,2010,0TO17_pop
Virginia,VA,0.225057539,2015,0TO17_pop
Virginia,VA,0.222330524,2020,0TO17_pop
Virginia,VA,0.218331015,2025,0TO17_pop
Virginia,VA,0.214442735,2030,0TO17_pop
Virginia,VA,0.214158598,2035,0TO17_pop
Virginia,VA,0.213987384,2040,0TO17_pop
Virginia,VA,0.215110576,2045,0TO17_pop
Virginia,VA,0.216381522,2050,0TO17_pop
Virginia,VA,0.216843474,2055,0TO17_pop
Virginia,VA,0.217243668,2060,0TO17_pop
Virginia,VA,0.217619661,2065,0TO17_pop
Virginia,VA,0.218013735,2070,0TO17_pop
Virginia,VA,0.217812189,2075,0TO17_pop
Virginia,VA,0.217666856,2080,0TO17_pop
Virginia,VA,0.216549558,2085,0TO17_pop
Virginia,VA,0.215365685,2090,0TO17_pop
Virginia,VA,0.214196206,2095,0TO17_pop
Virginia,VA,0.179534454,2300,0TO17_pop
Washington,WA,0.230907545,2010,0TO17_pop
Washington,WA,0.229532965,2015,0TO17_pop
Washington,WA,0.228366439,2020,0TO17_pop
Washington,WA,0.226505892,2025,0TO17_pop
Washington,WA,0.224730498,2030,0TO17_pop
Washington,WA,0.224428404,2035,0TO17_pop
Washington,WA,0.224114416,2040,0TO17_pop
Washington,WA,0.225989853,2045,0TO17_pop
Washington,WA,0.227826591,2050,0TO17_pop
Washington,WA,0.228141131,2055,0TO17_pop
Washington,WA,0.228420344,2060,0TO17_pop
Washington,WA,0.228096489,2065,0TO17_pop
Washington,WA,0.227769531,2070,0TO17_pop
Washington,WA,0.227629735,2075,0TO17_pop
Washington,WA,0.227511129,2080,0TO17_pop
Washington,WA,0.226373596,2085,0TO17_pop
Washington,WA,0.225264017,2090,0TO17_pop
Washington,WA,0.223983023,2095,0TO17_pop
Washington,WA,0.210449754,2300,0TO17_pop
West Virginia,WV,0.211637125,2010,0TO17_pop
West Virginia,WV,0.215515464,2015,0TO17_pop
West Virginia,WV,0.220228991,2020,0TO17_pop
West Virginia,WV,0.220989182,2025,0TO17_pop
West Virginia,WV,0.222186767,2030,0TO17_pop
West Virginia,WV,0.223771255,2035,0TO17_pop
West Virginia,WV,0.225769082,2040,0TO17_pop
West Virginia,WV,0.228912178,2045,0TO17_pop
West Virginia,WV,0.232849737,2050,0TO17_pop
West Virginia,WV,0.23364635,2055,0TO17_pop
West Virginia,WV,0.234824727,2060,0TO17_pop
West Virginia,WV,0.23485098,2065,0TO17_pop
West Virginia,WV,0.235043811,2070,0TO17_pop
West Virginia,WV,0.235531781,2075,0TO17_pop
West Virginia,WV,0.23625349,2080,0TO17_pop
West Virginia,WV,0.235048966,2085,0TO17_pop
West Virginia,WV,0.233928378,2090,0TO17_pop
West Virginia,WV,0.233349287,2095,0TO17_pop
West Virginia,WV,0.292442918,2300,0TO17_pop
Wisconsin,WI,0.226300138,2010,0TO17_pop
Wisconsin,WI,0.226552062,2015,0TO17_pop
Wisconsin,WI,0.226841523,2020,0TO17_pop
Wisconsin,WI,0.226097487,2025,0TO17_pop
Wisconsin,WI,0.22546519,2030,0TO17_pop
Wisconsin,WI,0.223838063,2035,0TO17_pop
Wisconsin,WI,0.222185189,2040,0TO17_pop
Wisconsin,WI,0.22402833,2045,0TO17_pop
Wisconsin,WI,0.225884392,2050,0TO17_pop
Wisconsin,WI,0.226422671,2055,0TO17_pop
Wisconsin,WI,0.226991439,2060,0TO17_pop
Wisconsin,WI,0.22618216,2065,0TO17_pop
Wisconsin,WI,0.225365096,2070,0TO17_pop
Wisconsin,WI,0.225277017,2075,0TO17_pop
Wisconsin,WI,0.225207109,2080,0TO17_pop
Wisconsin,WI,0.224554866,2085,0TO17_pop
Wisconsin,WI,0.223936201,2090,0TO17_pop
Wisconsin,WI,0.22276974,2095,0TO17_pop
Wisconsin,WI,0.217730867,2300,0TO17_pop
Wyoming,WY,0.225400424,2010,0TO17_pop
Wyoming,WY,0.224983982,2015,0TO17_pop
Wyoming,WY,0.223921993,2020,0TO17_pop
Wyoming,WY,0.220771698,2025,0TO17_pop
Wyoming,WY,0.217347931,2030,0TO17_pop
Wyoming,WY,0.215768889,2035,0TO17_pop
Wyoming,WY,0.214037617,2040,0TO17_pop
Wyoming,WY,0.21490152,2045,0TO17_pop
Wyoming,WY,0.215772168,2050,0TO17_pop
Wyoming,WY,0.215330722,2055,0TO17_pop
Wyoming,WY,0.214772376,2060,0TO17_pop
Wyoming,WY,0.213821678,2065,0TO17_pop
Wyoming,WY,0.212680489,2070,0TO17_pop
Wyoming,WY,0.21184701,2075,0TO17_pop
Wyoming,WY,0.210829819,2080,0TO17_pop
Wyoming,WY,0.209181159,2085,0TO17_pop
Wyoming,WY,0.207087873,2090,0TO17_pop
Wyoming,WY,0.205492314,2095,0TO17_pop
Wyoming,WY,0.159017425,2300,0TO17_pop
California,CA,0.256579844,2010,0TO17_pop
California,CA,0.255748824,2015,0TO17_pop
California,CA,0.255011365,2020,0TO17_pop
California,CA,0.250016458,2025,0TO17_pop
California,CA,0.245368701,2030,0TO17_pop
California,CA,0.244158876,2035,0TO17_pop
California,CA,0.243084796,2040,0TO17_pop
California,CA,0.244115953,2045,0TO17_pop
California,CA,0.24510959,2050,0TO17_pop
California,CA,0.244473568,2055,0TO17_pop
California,CA,0.243882779,2060,0TO17_pop
California,CA,0.243339569,2065,0TO17_pop
California,CA,0.242847618,2070,0TO17_pop
California,CA,0.241779668,2075,0TO17_pop
California,CA,0.240766226,2080,0TO17_pop
California,CA,0.23857442,2085,0TO17_pop
California,CA,0.236470831,2090,0TO17_pop
California,CA,0.234212075,2095,0TO17_pop
California,CA,0.183684674,2300,0TO17_pop
Colorado,CO,0.237184592,2010,0TO17_pop
Colorado,CO,0.231137015,2015,0TO17_pop
Colorado,CO,0.226582377,2020,0TO17_pop
Colorado,CO,0.222007261,2025,0TO17_pop
Colorado,CO,0.217930928,2030,0TO17_pop
Colorado,CO,0.21804853,2035,0TO17_pop
Colorado,CO,0.218078682,2040,0TO17_pop
Colorado,CO,0.21926089,2045,0TO17_pop
Colorado,CO,0.220377837,2050,0TO17_pop
Colorado,CO,0.221039214,2055,0TO17_pop
Colorado,CO,0.22158052,2060,0TO17_pop
Colorado,CO,0.222040501,2065,0TO17_pop
Colorado,CO,0.22239876,2070,0TO17_pop
Colorado,CO,0.221825204,2075,0TO17_pop
Colorado,CO,0.22124539,2080,0TO17_pop
Colorado,CO,0.219722291,2085,0TO17_pop
Colorado,CO,0.218181336,2090,0TO17_pop
Colorado,CO,0.216444984,2095,0TO17_pop
Colorado,CO,0.16829779,2300,0TO17_pop
Connecticut,CT,0.223976172,2010,0TO17_pop
Connecticut,CT,0.223134213,2015,0TO17_pop
Connecticut,CT,0.2223324,2020,0TO17_pop
Connecticut,CT,0.223431678,2025,0TO17_pop
Connecticut,CT,0.224515571,2030,0TO17_pop
Connecticut,CT,0.223180612,2035,0TO17_pop
Connecticut,CT,0.221866317,2040,0TO17_pop
Connecticut,CT,0.223867932,2045,0TO17_pop
Connecticut,CT,0.225827326,2050,0TO17_pop
Connecticut,CT,0.227408683,2055,0TO17_pop
Connecticut,CT,0.228966007,2060,0TO17_pop
Connecticut,CT,0.228084902,2065,0TO17_pop
Connecticut,CT,0.227221105,2070,0TO17_pop
Connecticut,CT,0.226543903,2075,0TO17_pop
Connecticut,CT,0.225891477,2080,0TO17_pop
Connecticut,CT,0.22529339,2085,0TO17_pop
Connecticut,CT,0.224701194,2090,0TO17_pop
Connecticut,CT,0.223245901,2095,0TO17_pop
Connecticut,CT,0.226604375,2300,0TO17_pop
